source,keyword,title,url,published,fetched_at
in,Marfin,Όλο το παρασκήνιο των ερευνών για τη Marfin,https://www.in.gr/2026/07/20/greece/olo-to-paraskinio-ton-ereynon-gia-ti-marfin/,,2026-07-23T13:55:30Z
in,Marfin,Marfin: Σοκαριστικό βίντεο ντοκουμέντο από τη δολοφονική εμπρηστική επίθεση,https://www.in.gr/2026/07/16/greece/marfin-sokaristiko-vinteo-ntokoumento-apo-ti-dolofoniki-empristiki-epithesi/,,2026-07-23T13:55:30Z
in,Marfin,Marfin: Νομική αντιμετώπιση δημοσιευμάτων και αναρτήσεων για την 46χρονη προαναγγέλλει δικηγόρος της,https://www.in.gr/2026/07/16/greece/marfin-nomiki-antimetopisi-dimosieymaton-kai-anartiseon-gia-tin-46xroni-proanaggellei-dikigoros-tis/,,2026-07-23T13:55:30Z
in,Marfin,Εμπρησμός Marfin: Τι αναφέρει η έκθεση της ΔΕΕ για την ταυτοποίηση των τριών κατηγορούμενων,https://www.in.gr/2026/07/16/greece/emprismos-marfin-ti-anaferei-i-ekthesi-tis-dee-gia-tin-taytopoiisi-ton-trion-katigoroumenon/,,2026-07-23T13:55:30Z
in,Marfin,«Αυτοί έκαψαν τη Marfin»,https://www.in.gr/2026/07/15/apopsi/aytoi-ekapsan-ti-marfin/,,2026-07-23T13:55:30Z
in,Marfin,Στις φυλακές Ναυπλίου και Μαλανδρίνου οι δύο 42χρονοι για την υπόθεση της Marfin,https://www.in.gr/2026/07/15/greece/marfin-stis-fylakes-naypliou-kai-malandrinou-oi-dyo-42xronoi/,,2026-07-23T13:55:30Z
in,Marfin,"Marfin – Καμπαγιάννης: Δεν υπάρχει ταυτοποίηση προσώπων, κινδυνεύει να καταλήξει σε φιάσκο η υπόθεση",https://www.in.gr/2026/07/15/greece/marfin-kampagiannis-den-yparxei-taytopoiisi-prosopon-kindyneyei-na-kataliksei-se-fiasko-i-ypothesi/,,2026-07-23T13:55:30Z
in,Marfin,Marfin: Η 46χρονη στο «στόχαστρο» και άλλης δικογραφίας,https://www.in.gr/2026/07/15/greece/marfin-i-46xroni-sto-stoxastro-kai-allis-dikografias/,,2026-07-23T13:55:30Z
in,Marfin,Προφυλακιστέοι οι δύο 42χρονοι για τον εμπρησμό της Marfin – Τι υποστήριξαν,https://www.in.gr/2026/07/14/greece/prosorina-kratoumenoi-oi-dyo-42xronoi-katigoroumenoi-gia-ton-emprismo-tis-marfin/,,2026-07-23T13:55:30Z
in,Marfin,Εμπρησμός Marfin: Έδωσε τη συγκατάθεσή της για να εκδοθεί στην Ελλάδα η 46χρονη – Υποστηρίζει ότι είναι αθώα,https://www.in.gr/2026/07/14/greece/emprismos-marfin-edose-ti-sygkatathesi-tis-gia-na-ekdothei-stin-ellada-i-46xroni-ypostirizei-oti-einai-athoa/,,2026-07-23T13:55:30Z
in,Marfin,Στα δικαστήρια της Ευελπίδων οι δύο 42χρονοι για τον εμπρησμό στη Marfin το 2010,https://www.in.gr/2026/07/14/greece/sta-dikastiria-tis-eyelpidon-oi-dyo-42xronoi-gia-ton-emprismo-sti-marfin-to-2010/,,2026-07-23T13:55:30Z
in,Marfin,"Marfin: «Δεν υπάρχει ταυτοποίηση προσώπων, αλλά κινητών αντικειμένων», λένε οι συνήγοροι υπεράσπισης",https://www.in.gr/2026/07/14/greece/marfin-den-yparxei-taytopoiisi-prosopon-alla-kiniton-antikeimenon-lene-oi-synigoroi-yperaspisis/,,2026-07-23T13:55:30Z
in,Marfin,"Marfin: Απολογούνται οι δύο 42χρονοι, αναμένεται η έκδοση της 46χρονης – Πού στρέφονται οι έρευνες",https://www.in.gr/2026/07/14/greece/marfin-apologountai-oi-dyo-42xronoi-anamenetai-i-ekdosi-tis-46xronis-pou-strefontai-oi-ereynes/,,2026-07-23T13:55:30Z
in,Marfin,Ανοίγουν φακέλους της τρομοκρατίας – Με ποιες υποθέσεις «δένει» η Marfin,https://www.in.gr/2026/07/14/greece/anoigoun-fakelous-tis-tromokratias-me-poies-ypotheseis-denei-i-marfin/,,2026-07-23T13:55:30Z
in,Marfin,«Δεν υπάρχει ταυτοποίηση των κατηγορουμένων για τη Marfin» λένε οι συνήγοροι υπεράσπισης,https://www.in.gr/2026/07/13/greece/den-yparxei-taytopoiisi-ton-katigoroumenon-gia-ti-marfin-lene-oi-synigoroi-yperaspisis/,,2026-07-23T13:55:30Z
in,Marfin,Συνελήφθη στη Βρετανία η 46χρονη που κατηγορείται για τον εμπρησμό στη Marfin,https://www.in.gr/2026/07/13/greece/synelifthi-sti-vretania-i-46xroni-gia-ton-emprismo-sti-marfin/,,2026-07-23T13:55:30Z
in,Marfin,Μητσοτάκης: Αυτοέπαινοι για τις συλλήψεις για Marfin – Πανηγυρισμοί για τη μείωση 10 λεπτών στη βενζίνη,https://www.in.gr/2026/07/12/politics/politiki-grammateia/mitsotakis-aytoepainoi-gia-tis-syllipseis-gia-marfin-panigyrismoi-gia-ti-meiosi-10-lepton-sti-venzini/,,2026-07-23T13:55:30Z
in,Marfin,Η επίσημη ανακοίνωση της Αστυνομίας για τη Marfin - «Συσχέτιση μορφολογικών χαρακτηριστικών και ταυτοποίηση προσωπικών αντικειμένων»,https://www.in.gr/2026/07/11/greece/marfin-i-episimi-anakoinosi-tis-astynomias-sysxetisi-morfologikon-xaraktiristikon/,,2026-07-23T13:55:30Z
in,Marfin,Αθώα δηλώνει η 46χρονη για τη Marfin και επιστρέφει στην Ελλάδα - Την Τρίτη απολογούνται οι συλληφθέντες,https://www.in.gr/2026/07/11/greece/marfin-dilonei-athoa-kai-epistrefei-stin-ellada-i-46xroni-tin-triti-apologountai-oi-syllifthentes/,,2026-07-23T13:55:30Z
in,Marfin,"ΕΛΑΣ για Marfin: Κάθε εγκληματική πράξη, μορφή βίας και τρομοκρατίας οφείλει να οδηγείται ενώπιον της Δικαιοσύνης",https://www.in.gr/2026/07/10/politics/epikairotita/elas-gia-marfin-kathe-egklimatiki-praksi-morfi-vias-kai-tromokratias-ofeilei-na-odigeitai-enopion-tis-dikaiosynis/,,2026-07-23T13:55:30Z
in,Marfin,Στην Ευελπίδων οι δύο συλληφθέντες για τον εμπρησμό της Marfin,https://www.in.gr/2026/07/10/greece/stin-eyelpidon-oi-dyo-syllifthentes-gia-ton-emprismo-tis-marfin/,,2026-07-23T13:55:30Z
in,Marfin,«Μακάρι να είναι αυτοί οι ένοχοι και να τιμωρηθούν» – Τι λέει επιζήσασα της Marfin στο in,https://www.in.gr/2026/07/10/greece/makari-na-einai-aytoi-oi-enoxoi-kai-na-timorithoun-ti-leei-epizisasa-tis-marfin-sto-in/,,2026-07-23T13:55:30Z
in,Marfin,Χρυσοχοΐδης για τις συλλήψεις στις υποθέσεις Marfin και Θεσσαλονίκης: «Η Δημοκρατία πάντα νικά στο τέλος»,https://www.in.gr/2026/07/10/politics/politiki-grammateia/xrysoxoidis-gia-tis-syllipseis-stis-ypotheseis-marfin-kai-thessalonikis-i-dimokratia-panta-nika-sto-telos/,,2026-07-23T13:55:30Z
in,Marfin,Ανώνυμη καταγγελία στο ελληνικό FBI η αφορμή για την ανάσυρση της δικογραφίας του εμπρησμού της Marfin,https://www.in.gr/2026/07/10/greece/marfin-anonymi-kataggelia-sto-elliniko-fbi-i-aformi-gia-tin-anasyrsi-tis-dikografias/,,2026-07-23T13:55:30Z
in,Marfin,Συνελήφθησαν δύο 42χρονοι για τον εμπρησμό στη Marfin με τους τρεις νεκρούς το 2010,https://www.in.gr/2026/07/10/greece/dyo-syllipseis-gia-ton-emprismo-sti-marfin-to-2010/,,2026-07-23T13:55:30Z
in,Marfin,2,https://www.in.gr/search/Marfin/page/2/,,2026-07-23T13:55:30Z
in,Μαρφίν,Μαρφίν: Νέα ντοκουμέντα από τη στιγμή της φονικής εμπρηστικής επίθεσης με τους τρεις νεκρούς,https://www.in.gr/2026/07/17/greece/marfin-nea-ntokoumenta-apo-ti-stigmi-tis-fonikis-empristikis-epithesis-me-tous-treis-nekrous/,,2026-07-23T13:55:30Z
in,Μαρφίν,Μαρφίν: Την Τρίτη παρουσιάζεται η 46χρονη ενώπιον βρετανικού δικαστηρίου για το αίτημα έκδοσης στην Ελλάδα,https://www.in.gr/2026/07/13/greece/marfin-tin-triti-parousiazetai-i-46xroni-enopion-vretanikou-dikastiriou-gia-to-aitima-ekdosis-stin-ellada/,,2026-07-23T13:55:30Z
in,Μαρφίν,Μαρφίν: Ποιοι είναι οι τρεις που ταυτοποιήθηκαν για την εμπρηστική επίθεση,https://www.in.gr/2026/07/11/greece/marfin-poioi-einai-oi-treis-pou-taytopoiithikan-gia-tin-empristiki-epithesi/,,2026-07-23T13:55:30Z
in,Μαρφίν,Μαρφίν: Τρία ακόμα άτομα ελέγχονται για συμμετοχή στην εμπρηστική επίθεση με τους τρεις νεκρούς εργαζόμενους,https://www.in.gr/2026/07/11/greece/marfin-tria-akoma-atoma-elegxontai-gia-symmetoxi-stin-empristiki-epithesi-me-tous-treis-nekrous-ergazomenous/,,2026-07-23T13:55:30Z
in,Μαρφίν,"Μαρφίν: «Ανορθόδοξη η δίωξη, εξυπηρετεί πολιτική σκοπιμότητα» – Τι λέει η δικηγόρος των συλληφθέντων",https://www.in.gr/2026/07/11/greece/marfin-anorthodoksi-i-dioksi-eypiretei-politiki-skopimotita-ti-leei-i-dikigoros-ton-syllifthenton/,,2026-07-23T13:55:30Z
in,Μαρφίν,Μαρφίν: Οι φωτογραφίες διακοπών στο σπίτι γνωστού αντιεξουσιαστή που πρόδωσαν την παρέα των τριών κατηγορούμενων,https://www.in.gr/2026/07/10/greece/marfin-oi-fotografies-diakopon-sto-spiti-gnostou-antieksousiasti-pou-prodosan-tin-parea-ton-trion-katigoroumenon/,,2026-07-23T13:55:30Z
in,Μαρφίν,Μαρφίν: Για ανθρωποκτονία από πρόθεση κατά συρροή κατηγορούνται οι δύο συλληφθέντες – Την Τρίτη η απολογία τους,https://www.in.gr/2026/07/10/greece/marfin-gia-anthropoktonia-apo-prothesi-kata-syrroi-katigorountai-oi-dyo-syllifthentes-tin-triti-i-apologia-tous/,,2026-07-23T13:55:30Z
in,Μαρφίν,Μαρφίν: Τα στοιχεία που οδήγησαν στις συλλήψεις – Μέσα από φωτογραφικό υλικό ταυτοποιήθηκαν οι κατηγορούμενοι,https://www.in.gr/2026/07/10/greece/marfin-ta-stoixeia-pou-odigisan-stis-syllipseis-mesa-apo-fotografiko-yliko-taytopoiithikan-oi-katigoroumenoi/,,2026-07-23T13:55:30Z
in,Μαρφίν,Κατέστρεψαν το μνημείο των θυμάτων της Μαρφίν,https://www.in.gr/2023/03/08/greece/katestrepsan-mnimeio-ton-thymaton-tis-marfin/,,2026-07-23T13:55:30Z
in,εμπρησμός Marfin,Φονικός εμπρησμός Marfin: To ατιμώρητο έγκλημα,https://www.in.gr/2023/05/05/istoriko-arxeio/fonikos-emprismos-marfin-atimorito-egklima/,,2026-07-23T13:55:30Z
tanea,Marfin,ΣΧΕΤΙΚΟΤΗΤΑ,https://www.tanea.gr/search/Marfin/,,2026-07-23T13:55:30Z
tanea,Marfin,ΗΜΕΡΟΜΗΝΙΑ,https://www.tanea.gr/search/Marfin/?orderby=date,,2026-07-23T13:55:30Z
tanea,Marfin,"Ελλάδα Marfin: H ΕΛ.ΑΣ. αναζητά και άλλα πρόσωπα που εμπλέκονται «κρυμμένα» στα ψηφιακά πειστήρια Ο υπουργός Προστασίας του Πολίτη, Μιχάλης Χρυσοχοΐδης, μιλώντας στην εφημερίδα «Τα Νέα Σαββατοκύριακο» υποστήριξε ότι «είναι ""δεμένη"" η υπόθεση» 18/07/2026 23:40",https://www.tanea.gr/2026/07/18/greece/marfin-h-el-as-anazita-kai-alla-prosopa-poy-emplekontai-krymmena-sta-psifiaka-peistiria/,,2026-07-23T13:55:30Z
tanea,Marfin,"Ελλάδα 2 «Μέσα ήταν πίσσα, σκοτάδι· ο καπνός σαν να τον κόβεις με το μαχαίρι» – Τι είπε η επιζήσασα της Marfin Μαρία Καραγιάννη στα «ΝΕΑ» Η επιζήσασα του εμπρησμού της Marfin μιλάει στα «ΝΕΑ» για τη μοιραία 5η Μαΐου του 2010 και τις πρόσφατες εξελίξεις στην υπόθεση Γιώργος Σχοινάς Πρώτη Δημοσιεύση: 18/07/2026 18:00",https://www.tanea.gr/print/2026/07/18/greece/mesa-itan-pissa-skotadi%c2%b7-o-kapnos-san-na-ton-koveis-me-to-maxairi/,,2026-07-23T13:55:30Z
tanea,Marfin,Ελλάδα Marfin: Όλο το παρασκήνιο των ερευνών – 4.000 εξετάσεις οπτικού υλικού από τη νέα υπηρεσία «κλειδί» της ΕΛ.ΑΣ. Στο μικροσκόπιο 500 εμπρησμοί πριν και μέτα την τραγωδία Βασίλης Γ. Λαμπρόπουλος Πρώτη Δημοσιεύση: 18/07/2026 14:00,https://www.tanea.gr/print/2026/07/18/greece/olo-to-paraskinio-ton-ereynon/,,2026-07-23T13:55:30Z
tanea,Marfin,"Πρόσωπα & Ιστορίες 9 Μιχάλης Χρυσοχοΐδης στα «ΝΕΑ»: Η υπόθεση της Marfin είναι «δεμένη» Ο υπουργός Προστασίας του Πολίτη ξεκαθαρίζει ότι η έρευνα για να αποδοθεί δικαιοσύνη δεν χρειάζεται κανένα μέιλ, τονίζει πως οι δολοφονίες δεν έχουν χρώματα, υποσημειώσεις και αστερίσκους Ελένη Ευαγγελοδήμου Πρώτη Δημοσιεύση: 18/07/2026 12:15",https://www.tanea.gr/print/2026/07/18/people/i-ypothesi-tis-marfin-einai-demeni/,,2026-07-23T13:55:30Z
tanea,Marfin,"Ελλάδα Marfin: Συνεχίζονται οι έρευνες για τον αποστολέα του ανώνυμου email – Στο «μικροσκόπιο» τα βίντεο ντοκουμέντα Νέα στοιχεία σχετικά με τη φονική επίθεση στη Marfin τον Μάιο του 2010, που κόστισε τη ζωή σε τρεις εργαζομένους, φέρνει στο φως η αστυνομική έρευνα. Οι αρχές επικεντρώνονται πλέον στον εντοπισμό του αποστολέα του ανώνυμου e-mail, το οποίο αποτέλεσε την αφετηρία για την επανενεργοποίηση της υπόθεσης. Παράλληλα, αποκαλύπτονται οι μέθοδοι που οδήγησαν στην ταυτοποίηση […] 17/07/2026 09:20",https://www.tanea.gr/2026/07/17/greece/marfin-synexizontai-oi-ereynes-gia-ton-apostolea-tou-anonymou-email-sto-mikroskopio-ta-vinteo-ntokoumenta/,,2026-07-23T13:55:30Z
tanea,Marfin,Ελλάδα 4 Marfin: «Τα ντοκουμέντα αυτά έχουν δοθεί από το ίδιο απόγευμα» – Γιατί χρειάστηκε 16 χρόνια η ανάλυση 200 φωτογραφιών Τι λέει ο δημοσιογράφος Ηλίας Προβόπουλος που τράβηξε με την φωτογραφική του μηχανή και παρέδωσε από την πρώτη στιγμή το οπτικό υλικό στις Αρχές 16/07/2026 21:15,https://www.tanea.gr/2026/07/16/greece/marfin-ta-ntokoumenta-ayta-exoun-dothei-apo-to-idio-apogeyma-giati-xreiastike-16-xronia-i-analysi-200-fotografion/,,2026-07-23T13:55:30Z
tanea,Marfin,Ελλάδα Marfin: Αποκαλυπτικό βίντεο ντοκουμέντο από τη στιγμή της δολοφονικής επίθεσης Στο βίντεο καταγράφονται οι δραματικές στιγμές που εκτυλίχθηκαν στο υποκατάστημα της Marfin στην οδό Σταδίου 16/07/2026 20:35,https://www.tanea.gr/2026/07/16/greece/marfin-vinteo-ntokoumento-apo-ti-stigmis-tis-dolofonikis-empristikis-epithesis/,,2026-07-23T13:55:30Z
tanea,Marfin,Ελλάδα Marfin: Οι φωτογραφίες που «ταυτοποίησαν» τους κατηγορούμενους Τα ΝΕΑ αποκαλύπτουν το ακριβές τελικό «σαφές» συμπέρασμα του πολυσέλιδου εγγράφου της ΕΛ.ΑΣ. που οδήγησε στις συλλήψεις και τις προφυλακίσεις Βασίλης Λαμπρόπουλος Πρώτη Δημοσιεύση: 16/07/2026 15:21,https://www.tanea.gr/print/2026/07/16/greece/oi-fotografies-pou-taytopoiisan-tous-katigoroumenous/,,2026-07-23T13:55:30Z
tanea,Marfin,Ελλάδα Marfin: Θα αναζητήσουν τον αποστολέα του email Για να εξεταστεί  ως μάρτυρας στον νέο κύκλο της δικαστικής έρευνας Μίνα Μουστάκα Πρώτη Δημοσιεύση: 16/07/2026 15:17,https://www.tanea.gr/print/2026/07/16/greece/tha-anazitisouncrton-apostolea-tou-email/,,2026-07-23T13:55:30Z
tanea,Marfin,"Ελλάδα Marfin: Η έκθεση 117 σελίδων της ΔΕΕ που οδήγησε στην ταυτοποίηση των τριών υπόπτων Η Διεύθυνση Εγκληματολογικών Ερευνών, με τεχνική έκθεση 117 σελίδων, ταυτοποίησε τρία άτομα ως υπεύθυνα για τον εμπρησμό της Marfin TANEA Newsroom 16/07/2026 10:52",https://www.tanea.gr/2026/07/16/greece/marfin-i-ekthesi-117-selidon-tis-dee-pou-odigise-stin-taytopoiisi-ton-trion-ypopton/,,2026-07-23T13:55:30Z
tanea,Marfin,Ελλάδα 3 Υπόθεση Marfin: Τον αποστολέα του ανώνυμου μηνύματος αναζητά η δικαιοσύνη Στην ανακρίτρια δήλωσαν παράσταση υποστήριξης κατηγορίας οι συγγενείς της Αγγελικής Παπαθανασοπούλου Μίνα Μουστάκα 15/07/2026 16:00,https://www.tanea.gr/2026/07/15/greece/ypothesi-marfin-ton-apostolea-tou-anonymou-minymatos-anazita-i-dikaiosyni/,,2026-07-23T13:55:30Z
tanea,Marfin,"Ελλάδα Marfin: Τα στοιχεία της δικογραφίας και τα αναπάντητα ερωτήματα Οι πρόσφατες συλλήψεις για τον εμπρησμό της Μarfin και η ποινική διαδικασία που βρίσκεται πλέον σε εξέλιξη έφεραν ξανά στο προσκήνιο τη μακρόχρονη έρευνα της Αντιτρομοκρατικής, αλλά και τη συζήτηση γύρω από τα στοιχεία της δικογραφίας και τον τρόπο με τον οποίο αξιολογήθηκαν έπειτα από χρόνια. Στο επίκεντρο του ενδιαφέροντος εξακολουθεί να παραμένει το ανώνυμο […] ΝΑΤΑΛΙΑ ΔΙΟΝΥΣΙΩΤΗ Πρώτη Δημοσιεύση: 15/07/2026 14:35",https://www.tanea.gr/print/2026/07/15/greece/ta-stoixeia-tis-dikografias-lfkai-ta-anapantita-erotimata/,,2026-07-23T13:55:30Z
tanea,Marfin,"Ελλάδα Στις φυλακές Ναυπλίου και Μαλανδρίνου οι προφυλακιστέοι για την υπόθεση της Marfin Στις φυλακές Ναυπλίου και Μαλανδρίνου μεταφέρθηκαν οι δύο 42χρονοι, προσωρινά κρατούμενοι για την τραγωδία της Marfin πριν 16 χρόνια TANEA Newsroom 15/07/2026 13:16",https://www.tanea.gr/2026/07/15/greece/stis-fylakes-naypliou-kai-malandrinou-oi-profylakisteoi-gia-tin-ypothesi-tis-marfin/,,2026-07-23T13:55:30Z
tanea,Marfin,"Ελλάδα Marfin: «Δεν υπάρχει ταυτοποίηση προσώπων, έχουμε ένα mail το οποίο είναι αστείο» Ο Θανάσης Καμπαγιάννης, δικηγόρος του ενός κατηγορούμενου, δήλωσε στο MEGA ότι δεν υπάρχουν επαρκή στοιχεία 15/07/2026 08:29",https://www.tanea.gr/2026/07/15/greece/marfin-den-yparxei-taytopoiisi-prosopon-exoume-ena-mail-to-opoio-einai-asteio-ti-dilonei-o-dikigoros-tou-enos-katigoroumenou/,,2026-07-23T13:55:30Z
tanea,Marfin,Ελλάδα Marfin: Η συγκλονιστική μαρτυρία του φωτορεπόρτερ που κατέγραψε την τραγωδία – «Ήταν σαν ομάδα εκτελεστών» Μια συγκλονιστική μαρτυρία φέρνει στο φως τις εφιαλτικές στιγμές της τραγωδίας στη Marfin 14/07/2026 22:37,https://www.tanea.gr/2026/07/14/greece/marfin-i-sygklonistiki-martyria-toy-fotoreporter-poy-kategrapse-tin-tragodia-itan-san-omad/,,2026-07-23T13:55:30Z
tanea,Marfin,"Ελλάδα 12 Marfin: Αυτό είναι το email που κατονομάζει τους συλληφθέντες – Τι αναφέρουν δικαστικές πηγές Το φωτογραφικό υλικό και οι μαρτυρίες που οδήγησαν τις εξελίξεις, με τις Αρχές να αναζητούν δύο ακόμη άνδρες που εμπλέκονται στην υπόθεση 14/07/2026 21:15",https://www.tanea.gr/2026/07/14/greece/marfin-ayto-einai-to-email-pou-katonomazei-tous-syllifthentes-ti-anaferoun-dikastikes-piges/,,2026-07-23T13:55:30Z
tanea,Marfin,Δικαιοσύνη Marfin: Προφυλακιστέοι οι δύο συλληφθέντες – Αρνούνται ότι σχετίζονται με τα επεισόδια στην τράπεζα Επιμένουν ότι δεν συμμετείχαν στη φονική επίθεση Μίνα Μουστάκα 14/07/2026 18:46,https://www.tanea.gr/2026/07/14/greece/law/prosorina-kratoumenoi-krithikan-oi-dyo-42xronoi-katigoroumenoi-gia-ton-emprismo-tis-marfin/,,2026-07-23T13:55:30Z
tanea,Marfin,Δικαιοσύνη Marfin: Δέχθηκε να εκδοθεί στην Ελλάδα η 46χρονη – Εντός δέκα ημερών η επιστροφή της Η κατηγορούμενη για τον εμπρησμό της Marfin εμφανίστηκε σε δικαστήριο του Λονδίνου και αποδέχτηκε το αίτημα έκδοσής της στην Ελλάδα 14/07/2026 18:01,https://www.tanea.gr/2026/07/14/greece/law/marfin-ekdidetai-stin-ellada-i-46xroni-paraitithike-apo-ta-endika-mesa/,,2026-07-23T13:55:30Z
tanea,Marfin,Ελλάδα Marfin: Υπό δρακόντεια μέτρα ασφαλείας οι δύο συλληφθέντες στην ανακρίτρια Ακόμα δυο πρόσωπα μπαίνουν στο «κάδρο» της υπόθεσης 14/07/2026 10:58,https://www.tanea.gr/2026/07/14/greece/marfin-ypo-drakonteia-metra-asfaleias-oi-dyo-syllifthentes-stin-anakritria/,,2026-07-23T13:55:30Z
tanea,Marfin,"Πολιτική Χρυσοχοΐδης: Το υλικό για τη Marfin υπήρχε αλλά δεν είχε αξιοποιηθεί λόγω λαθών «Θα συλληφθούν και άλλοι για τη δολοφονία της Βάγιας Νέστορα», είπε ο υπουργός Προστασίας του Πολίτη 14/07/2026 09:50",https://www.tanea.gr/2026/07/14/politics/xrysoxoidis-to-yliko-gia-ti-marfin-ypirxe-alla-den-eixe-aksiopoiithei-opos-eprepe/,,2026-07-23T13:55:30Z
tanea,Marfin,"Ελλάδα Marfin: Aπολογούνται οι δύο 42χρονοι, στο «μικροσκόπιο» ακόμη δύο άνδρες – H έκδοση της 46χρονης από τη Βρετανία Πώς θα γίνει η διαδικασία για την έκδοση της 46χρονης από τη Βρετανία 14/07/2026 07:50",https://www.tanea.gr/2026/07/14/greece/marfin-apologountai-oi-dyo-42xronoi-sto-mikroskopio-akomi-dyo-andres-h-ekdosi-tis-46xronis-apo-ti-vretania/,,2026-07-23T13:55:30Z
tanea,Marfin,"Ελλάδα Υπόθεση Marfin: Οι φωτογραφίες που οδήγησαν στην ταυτοποίηση των υπόπτων – Το σακίδιο, το κόκκινο μαντήλι και το ανοιχτόχρωμο καπέλο Οι φωτογραφίες από το 2010 και τα ευρήματα της έρευνας φέρονται να έπαιξαν καθοριστικό ρόλο στην ταυτοποίηση των τριών συλληφθέντων για τη Marfin 13/07/2026 22:19",https://www.tanea.gr/2026/07/13/greece/ypothesi-marfin-oi-fotografies-poy-prodosan-toys-3-syllifthentes-to-sakidio-kai-to-kokkino/,,2026-07-23T13:55:30Z
tanea,Marfin,Ελλάδα Marfin: Στο δικαστήριο του Γουέστμινστερ η 46χρονη – Ξεκινά η διαδικασία έκδοσής της στην Ελλάδα Η 46χρονη διέμενε τα τελευταία χρόνια στη Μεγάλη Βρετανία και είχε εκφράσει πρόθεση να επιστρέψει στην Ελλάδα με δική της πρωτοβουλία TANEA Newsroom 13/07/2026 18:56,https://www.tanea.gr/2026/07/13/greece/marfin-sto-dikastirio-tou-gouestminster-i-46xroni-ksekina-i-diadikasia-ekdosis-tis-stin-ellada/,,2026-07-23T13:55:30Z
tanea,Marfin,"Ελλάδα Marfin: Η τεχνητή νοημοσύνη «κλειδί» για την αποκάλυψη του εγκλήματος Με σύγχρονα εργαλεία η εκ νέου ανάλυση στοιχείων στην υπόθεση Marfin, ώστε να εντοπιστούν λεπτομέρειες που δεν διακρίνονταν παλαιότερα ΝΑΤΑΛΙΑ ΔΙΟΝΥΣΙΩΤΗ Πρώτη Δημοσιεύση: 13/07/2026 16:05",https://www.tanea.gr/print/2026/07/13/greece/i-texniti-noimosyni-kleidi-gia-tin-apokalypsi-tou-egklimatos/,,2026-07-23T13:55:30Z
tanea,Marfin,Ελλάδα 4 Με ποιες υποθέσεις «δένει» η Marfin – Ανοίγουν φακέλους της τρομοκρατίας Τα τρία νέα πρόσωπα που έψαξε η ΕΛ.ΑΣ. για τον εμπρησμό της Marfin και η σύνδεση με σειρά δολοφονιών αλλά και ληστειών Βασίλης Γ. Λαμπρόπουλος Πρώτη Δημοσιεύση: 13/07/2026 14:05,https://www.tanea.gr/print/2026/07/13/greece/me-poies-ypotheseis-denei-i-marfin-anoigoun-fakelous-tis-tromokratias/,,2026-07-23T13:55:30Z
tanea,Marfin,Ελλάδα 3 Marfin: Συνελήφθη από τις βρετανικές Aρχές η 46χρονη που κατηγορείται για συμμετοχή στον εμπρησμό Αναμένεται τις επόμενες ημέρες να κινηθούν οι διαδικασίες για την έκδοσή της στην Ελλάδα 13/07/2026 08:45,https://www.tanea.gr/2026/07/13/greece/marfin-synelifthi-apo-tis-vretanikes-arxes-i-46xroni/,,2026-07-23T13:55:30Z
tanea,Marfin,Media Διαβάστε στα «ΝΕΑ» της Δευτέρας: Με ποιες υποθέσεις «δένει» η Marfin – Ανοίγουν φάκελοι Διαβάστε στα «ΝΕΑ» της Δευτέρας:Με ποιες υποθέσεις «δένει» η Marfin – Ανοίγουν φάκελοι Ερευνάται η ανάµειξη της ευρύτερης οµάδας των συλληφθέντων σε βοµβιστικές επιθέσεις και ληστείες Πού επικεντρώνεται τώρα η προσοχή της Αντιτροµοκρατικής που συµπληρώνει κοµµάτι-κοµµάτι όλο το παζλ Ενα λογισµικό – κλειδί στην αποκάλυψη του εγκλήµατος 13/07/2026 00:56,https://www.tanea.gr/2026/07/13/media/diavaste-sta-nea-tis-deyteras-me-poies-ypotheseis-denei-i-marfin-anoigoun-fakeloi/,,2026-07-23T13:55:30Z
tanea,Marfin,"Ελλάδα 25 Marfin: Η αποθήκη στο Κουκάκι, το σακίδιο με τα τρία αστέρια και ο φωτορεπόρτερ που οδήγησαν στις ταυτοποιήσεις Όσα αποδείχθηκαν καθοριστικά για την ταυτοποίηση των δραστών 16 χρόνια μετά την τραγωδία 12/07/2026 11:12",https://www.tanea.gr/2026/07/12/greece/marfin-i-apothiki-sto-koukaki-to-sakidio-me-ta-tria-asteria-kai-o-fotoreporter-pou-odigisan-stis-taytopoiiseis/,,2026-07-23T13:55:30Z
tanea,Marfin,Ελλάδα 3 Υπόθεση Marfin: Στο «κάδρο» ακόμη τρεις ύποπτοι – Φωτογραφίες διακοπών πρόδωσαν τους συλληφθέντες Νέα στοιχεία έρχονται στο φως για την υπόθεση της φονικής επίθεσης στη Marfin τον Μάιο του 2010 11/07/2026 22:15,https://www.tanea.gr/2026/07/11/greece/ypothesi-marfin-sto-kadro-akomi-treis-ypoptoi-poios-o-rolos-toys-sti-foniki-epithesi/,,2026-07-23T13:55:30Z
tanea,Marfin,Ελλάδα 4 Υπόθεση Marfin: Τι υποστηρίζουν η δικηγόρος και συγγενείς των συλληφθέντων – Ξεσπούν οι επιζώντες Για ανυπόστατη δικογραφία κάνει λόγο η δικηγόρος Άννα Παπαρρούσου - Πότε απολογούνται οι συλληφθέντες 11/07/2026 17:13,https://www.tanea.gr/2026/07/11/greece/ypothesi-marfin-ti-ypostirizoun-i-dikigoros-kai-syggeneis-ton-syllifthenton-ksespoun-oi-epizontes/,,2026-07-23T13:55:30Z
tanea,Marfin,"Ελλάδα 2 «Έχω κενά, δεν με πείθει το email»: Η επιζήσασα της Marfin Μαρία Καραγιάννη μιλά για τις συλλήψεις (video) Η επίθεση είχε στοιχίσει τη ζωή σε τρεις εργαζόμενους στην τράπεζα TANEA Newsroom 11/07/2026 16:56",https://www.tanea.gr/2026/07/11/greece/exo-kena-den-me-peithei-to-email-i-epizisasa-tis-marfin-maria-karagianni-mila-gia-tis-syllipseis-video/,,2026-07-23T13:55:30Z
tanea,Marfin,"Ελλάδα Marfin: Βίντεο, φωτογραφίες και τεχνητή νοημοσύνη οδήγησαν στους συλληφθέντες – Η ανακοίνωση της ΕΛΑΣ Στοιχεία που εξήχθησαν μεταξύ άλλων από βίντεο και φωτογραφίες, τόσο από την έρευνα για τον εμπρησμό της Marfin, το Μάιο του 2010, αλλά και άλλα που προέκυψαν στην πορεία της τρίτης φάσης της έρευνας, την οποία έχει αναλάβει το Τμήμα Ανθρωποκτονιών της Διεύθυνσης Αντιμετώπισης Οργανωμένου Εγκλήματος, καθώς και από φωτογραφικό υλικό που είχε στη διάθεση […] 11/07/2026 14:11",https://www.tanea.gr/2026/07/11/greece/marfin-vinteo-fotografies-kai-texniti-noimosyni-odigisan-stoys-syllifthentes-i-anakoinosi/,,2026-07-23T13:55:30Z
tanea,Marfin,Ελλάδα 3 Marfin: «Είμαι αθώα» – Η 46χρονη επικοινώνησε με τις Αρχές και επιστρέφει στην Ελλάδα για να καταθέσει Δεν αποκλείεται η επιστροφή της να πραγματοποιηθεί έως τη Δευτέρα 11/07/2026 10:43,https://www.tanea.gr/2026/07/11/greece/marfin-eimai-athoa-i-46xroni-epikoinonise-me-tis-arxes-kai-epistrefei-stin-ellada-gia-na-katathesei/,,2026-07-23T13:55:30Z
tanea,Marfin,Ελλάδα 23 Marfin: Oι φωτογραφίες που «έκαψαν» τους δράστες 16 χρόνια μετά – Πώς έφτασαν στα ίχνη τους Δύο συλλήψεις και ένταλμα στη Βρετανία - Τι βρέθηκε στο μικροσκόπιο των Αρχών 11/07/2026 08:30,https://www.tanea.gr/2026/07/11/greece/marfin-i-fotografia-pou-ksekleidose-tin-ypothesi-meta-apo-16-xronia-pos-taytopoiithikan-oi-drastes/,,2026-07-23T13:55:30Z
tanea,Marfin,Ελλάδα 2 Marfin: Την Τρίτη απολογούνται οι συλληφθέντες – Κατηγορούνται για ανθρωποκτονία από πρόθεση κατά συρροή Μαρτυρίες που συγκλονίζουν - Τα στοιχεία που οδήγησαν στις συλλήψεις Μίνα Μουστάκα 10/07/2026 19:32,https://www.tanea.gr/2026/07/10/greece/marfin-prothesmia-gia-tin-triti-elavan-oi-syllifthentes-katigorountai-gia-anthropoktonia-apo-prothesi-kata-syrroi/,,2026-07-23T13:55:30Z
tanea,Marfin,Ελλάδα Marfin: Στον εισαγγελέα οι δύο συλληφθέντες – Το χρονικό της τραγωδίας Οι συλλήψεις και το ανώνυμο email – Πώς έφτασαν στα πρόσωπα οι Αρχές 10/07/2026 17:25,https://www.tanea.gr/2026/07/10/greece/ston-eisaggelea-oi-dyo-syllifthentes-gia-tin-ypothesi-tis-marfin/,,2026-07-23T13:55:30Z
tanea,Marfin,2,https://www.tanea.gr/search/Marfin/page/2/,,2026-07-23T13:55:30Z
tanea,Μαρφίν,"Πολιτική Κυριάκος Μητσοτάκης: Κοινό μέτωπο κατά της τρομοκρατίας - Καμία ανοχή στο casus belli Την καθιερωμένη εβδομαδιαία ανασκόπησή του δημοσίευσε ο πρωθυπουργός Κυριάκος Μητσοτάκης, κάνοντας εκτενή αναφορά στις πολιτικές και διεθνείς εξελίξεις των τελευταίων ημερών. Μεταξύ άλλων, στάθηκε στις συλλήψεις για την υπόθεση της Μαρφίν, στη δολοφονία της Βάγιας Νέστορα, στις αποφάσεις της Συνόδου του ΝΑΤΟ, στις εξελίξεις στη Μέση Ανατολή και τα μέτρα για τις τιμές των καυσίμων, […] 12/07/2026 10:13",https://www.tanea.gr/2026/07/12/politics/kyriakos-mitsotakis-marfin-nato-kai-kaysima-sto-epikentro-tis-anaskopisis/,,2026-07-23T13:55:30Z
tanea,Μαρφίν,"Ενστάσεις Εμπνευση, η Μαρφίν Το γράφω και το ξαναγράφω. Ενα από τα λάθη της κυβέρνησης είναι ότι αφήνει διάφορους τραμπούκους κατά της ομαλότητας της δημόσιας ζωής να κερδίζουν έδαφος και να διευρύνονται – και ενώ στην αρχή η δράση τους είναι παρονυχίδα, το κράτος αναγκάζεται να τους αντιμετωπίσει όταν αφήνουν ανοιχτές πληγές. Μια από τις πληγές αυτές είναι οι […] Ηλίας Κανέλλης Πρώτη Δημοσιεύση: 02/07/2026 17:29",https://www.tanea.gr/print/2026/07/02/opinions/empneysi-i-marfin/,,2026-07-23T13:55:30Z
tanea,Μαρφίν,"Ενστάσεις Μαρφίν: πριν τις μετα-αλήθειες Η χθεσινή ανακοίνωση του ΣΥΡΙΖΑ, που ζητάει την παραίτηση του Μιχάλη Χρυσοχοΐδη επειδή δεν έχει συλλάβει τους δολοφόνους της Μαρφίν, είναι μνημείο θράσους. Και ένδειξη ότι η πολιτική, μάλιστα σε χώρους που στο παρελθόν επικαλούνταν μια τεράστια παράδοση ιδεών της χειραφέτησης κι οι οποίοι ακόμα διακηρύσσουν ότι εκπροσωπούν τα λαϊκά συμφέροντα, είναι πλέον ισοδύναμη τρολαρίσματος. […] Κανέλλης Ηλίας 06/05/2025 14:59",https://www.tanea.gr/2025/05/06/opinions/marfin-prin-tis-meta-alitheies-online/,,2026-07-23T13:55:30Z
tanea,Μαρφίν,"Έντυπη Έκδοση Μαρφίν: πριν τις μετα-αλήθειες Η χθεσινή ανακοίνωση του ΣΥΡΙΖΑ, που ζητάει την παραίτηση του Μιχάλη Χρυσοχοΐδη επειδή δεν έχει συλλάβει τους δολοφόνους της Μαρφίν, είναι μνημείο θράσους. Και ένδειξη ότι η πολιτική, μάλιστα σε χώρους που στο παρελθόν επικαλούνταν μια τεράστια παράδοση ιδεών της χειραφέτησης κι οι οποίοι ακόμα διακηρύσσουν ότι εκπροσωπούν τα λαϊκά συμφέροντα, είναι πλέον ισοδύναμη τρολαρίσματος. […] Κανέλλης Ηλίας Πρώτη Δημοσιεύση: 06/05/2025 01:00",https://www.tanea.gr/print/2025/05/06/opinions/marfin-prin-tis-meta-alitheies/,,2026-07-23T13:55:30Z
tanea,Μαρφίν,"Έντυπη Έκδοση Η αριστερή λήθη της Μαρφίν Είμαι περίεργος να δω σήμερα τις ανακοινώσεις των αριστερών κομμάτων για την επέτειο των 15 χρόνων από το έγκλημα της Μαρφίν, την πυρπόληση του υποκαταστήματος της τράπεζας από οργανωμένη ομάδα κουκουλοφόρων οι οποίοι βγήκαν μέσα από την πρώτη μεγάλη αντιμνημονιακή διαδήλωση και τον θάνατο τριών νέων εργαζομένων: της Αγγελικής Παπαθανασοπούλου, της Παρασκευής Ζούλια και του […] Πρώτη Δημοσιεύση: 05/05/2025 01:00",https://www.tanea.gr/print/2025/05/05/greece/i-aristeri-lithi-tis-marfin/,,2026-07-23T13:55:30Z
tanea,Μαρφίν,"Ενστάσεις Βεβηλώνοντας τη Μαρφίν Η Ζωή Κωνσταντοπούλου, εμφανίστηκε χθες στον τηλεοπτικό σταθμό Σκάι, όπου επανέφερε στοιχεία των εξαγγελιών για τα οικονομικά του Αλέξη Τσίπρα πριν γίνει κυβέρνηση – το νόμισμα δεν είναι φετίχ («δεν υπερασπιζόμαστε τον δογματισμό των νομισμάτων») – ή για την αλλαγή που η ίδια υπόσχεται (ο Τσίπρας θα άλλαζε την Ευρώπη, η πρόεδρος με τις καρδούλες […] Κανέλλης Ηλίας 28/03/2025 14:46",https://www.tanea.gr/2025/03/28/opinions/vevilonontas-ti-marfin-online/,,2026-07-23T13:55:30Z
tanea,Μαρφίν,"Έντυπη Έκδοση Βεβηλώνοντας τη Μαρφίν Η Ζωή Κωνσταντοπούλου, εμφανίστηκε χθες στον τηλεοπτικό σταθμό Σκάι, όπου επανέφερε στοιχεία των εξαγγελιών για τα οικονομικά του Αλέξη Τσίπρα πριν γίνει κυβέρνηση – το νόμισμα δεν είναι φετίχ («δεν υπερασπιζόμαστε τον δογματισμό των νομισμάτων») – ή για την αλλαγή που η ίδια υπόσχεται (ο Τσίπρας θα άλλαζε την Ευρώπη, η πρόεδρος με τις καρδούλες […] Κανέλλης Ηλίας Πρώτη Δημοσιεύση: 28/03/2025 01:00",https://www.tanea.gr/print/2025/03/28/opinions/vevilonontas-ti-marfin/,,2026-07-23T13:55:30Z
tanea,Μαρφίν,"Έντυπη Έκδοση Η σύγκριση της Μαρφίν Η υποκριτική στάση της Αριστεράς στο θέμα των Τεμπών, όπου εργαλειοποιείται ο πόνος, είναι ευκαιριακή – όπως ευκαιριακή είναι συστηματικά η πολιτική της σε όλα τα ζητήματα, είναι άλλωστε και ο βασικός λόγος για την αποτυχία της κυβερνητικής θητείας της το διάστημα 2015-2019. Κι αυτό φαίνεται από τον τρόπο που η Αριστερά αντιμετωπίζει τους νεκρούς […] Πρώτη Δημοσιεύση: 20/02/2025 01:00",https://www.tanea.gr/print/2025/02/20/greece/i-sygkrisi-tis-marfincr/,,2026-07-23T13:55:30Z
tanea,Μαρφίν,"Έντυπη Έκδοση Να θυμάσαι τη Μαρφίν Η προφυλάκιση των δύο κατηγορούμενων για τη δολοφονία του δημοσιογράφου Γιώργου Καραϊβάζ στερεί από την Αριστερά ένα από τα «επιχειρήματά» της κατά της δήθεν αυταρχικής κυβέρνησης Μητσοτάκη που δήθεν φαλκιδεύει την ελευθερία του Τύπου. Αποδείχτηκε ότι οι διωκτικές αρχές ερευνούσαν και, όταν έκριναν ότι έχουν «δέσει» την υπόθεση, προχώρησαν σε συλλήψεις. Ηδη, η ΕΣΗΕΑ (που […] Κανέλλης Ηλίας Πρώτη Δημοσιεύση: 05/05/2023 05:00",https://www.tanea.gr/print/2023/05/05/opinions/na-thymasai-ti-marfin/,,2026-07-23T13:55:30Z
tanea,Μαρφίν,"Έντυπη Έκδοση Οι ανοιχτές πληγές της Μαρφίν Πάνε 12 χρόνια από τότε που, στις 5 Μαΐου 2010, μια ομάδα κουκουλοφόρων, φωνάζοντας «φωτιά στους πλούσιους», λαμπάδιασε με μολότοφ το κτίριο της οδού Σταδίου 23 με αποτέλεσμα να καούν ζωντανοί τρεις υπάλληλοι της Μαρφίν. Ηταν ένα ηχηρό προειδοποιητικό μήνυμα για το τι επρόκειτο να ακολουθήσει καθώς ανεξέλεγκτοι «αγανακτισμένοι» κάθε χρώματος πολιορκούσαν τη Βουλή των […] Μειμάρογλου Γιάννης Πρώτη Δημοσιεύση: 05/05/2022 05:00",https://www.tanea.gr/print/2022/05/05/opinions/oi-anoixtes-pliges-tis-marfin/,,2026-07-23T13:55:30Z
tanea,Μαρφίν,"Έντυπη Έκδοση Θα βρεθούν οι δολοφόνοι της Μαρφίν; Μεθαύριο, στις 5 Μαΐου, συμπληρώνονται δώδεκα χρόνια από τον εμπρησμό του τραπεζικού καταστήματος της Μαρφίν, στην οδό Σταδίου, και του θανάτου των τριών υπαλλήλων της, της Αγγελικής Παπαθανασοπούλου, της Παρασκευής Ζούλια και του Επαμεινώνδα Τσάκαλη. Η πολιτεία, με μεγάλη καθυστέρηση, τους τιμά κάθε χρόνο, αν και το μνημείο στη μνήμη τους βανδαλίστηκε πριν από μερικούς […] Κανέλλης Ηλίας Πρώτη Δημοσιεύση: 03/05/2022 05:00",https://www.tanea.gr/print/2022/05/03/greece/tha-vrethoun-oi-dolofonoi-tis-marfin/,,2026-07-23T13:55:30Z
tanea,υπόθεση Marfin,"Ελλάδα Υπόθεση Marfin: 14χρόνια μετά, ο Άρειος Πάγος ρίχνει ευθύνες στην τράπεζα για τους 3 νεκρούς Στην τράπεζα επιρρίπτει ευθύνες ο Άρειος Πάγος με απόφασή του, σχετικά με τα τρία άτομα που έχασαν τη ζωή τους στη Marfin το 2010 12/12/2024 12:27",https://www.tanea.gr/2024/12/12/greece/ypothesi-marfin-14xronia-meta-o-areios-pagos-rixnei-eythynes-stin-trapeza-gia-tous-3-nekrous/,,2026-07-23T13:55:30Z
tanea,εμπρησμός Marfin,Ιστορικό Αρχείο Φονικός εμπρησμός Marfin: To ατιμώρητο έγκλημα Όσα δήλωσαν και κατέθεσαν οι αυτόπτες μάρτυρες του φονικού εμπρησμού της Marfin το 2010 05/05/2023 09:48,https://www.tanea.gr/2023/05/05/istoriko-arxeio/fonikos-emprismos-marfin-to-atimorito-egklima/,,2026-07-23T13:55:30Z
news247,Marfin,Πρότζεκτ Μαρφίν: Όταν η αμφιβολία γίνεται καθήκον του πολίτη,https://www.news247.gr/gnomes/protzekt-marfin-otan-i-amfivolia-ginetai-kathikon-tou-politi/,,2026-07-23T13:55:30Z
news247,Marfin,Έχετε 5 λεπτά να μιλήσουμε για το τεκμήριο της αθωότητας σε Άργος και Marfin;,https://www.news247.gr/magazine/la-gkreka-beletsa/exete-5-lepta-na-milisoume-gia-to-tekmirio-tis-athootitas-se-argos-kai-marfin/,,2026-07-23T13:55:30Z
news247,Marfin,Μarfin: Παραβίαση των προσωπικών δεδομένων της 46χρονης καταγγέλλει ο δικηγόρος της,https://www.news247.gr/ellada/marfin-paraviasi-ton-prosopikon-dedomenon-tis-46xronis-katangellei-o-dikigoros-tis/,,2026-07-23T13:55:30Z
news247,Marfin,Τραγωδία της Marfin,https://www.news247.gr/tag/marfin/,,2026-07-23T13:55:30Z
news247,Marfin,"Mαρτυρία για τη Μarfin: “Εκαναν άνω κάτω το σπίτι μου, είδαν το όνομά μου στο ανώνυμο e-mail”",https://www.news247.gr/ellada/martiria-gia-ti-marfin-ekanan-ano-kato-to-spiti-mou-eidan-to-onoma-mou-sto-anonimo-e-mail/,,2026-07-23T13:55:30Z
news247,Marfin,Υπόθεση Marfin: Οι μαρτυρίες και οι συγκρίσεις των ευρημάτων από τα Εγκληματολογικά Εργαστήρια,https://www.news247.gr/ellada/ipothesi-marfin-oi-martiries-kai-oi-sigkriseis-ton-evrimaton-apo-ta-egklimatologika-ergastiria/,,2026-07-23T13:55:30Z
news247,Marfin,Marfin: Αναζητείται ο αποστολέας του ανώνυμου e-mail,https://www.news247.gr/ellada/marfin-anaziteitai-o-apostoleas-tou-anonimou-e-mail/,,2026-07-23T13:55:30Z
news247,Marfin,Marfin: Two 42-year-old defendants transferred to Nafplio and Malandrino prisons,https://www.news247.gr/en/marfin-two-42-year-old-defendants-transferred-to-nafplio-and-malandrino-prisons/,,2026-07-23T13:55:30Z
news247,Marfin,Marfin: Στις φυλακές Ναυπλίου και Μαλανδρίνου οι δύο 42χρονοι κατηγορούμενοι,https://www.news247.gr/ellada/marfin-stis-filakes-nafpliou-kai-malandrinou-oi-dio-42xronoi-katigoroumenoi/,,2026-07-23T13:55:30Z
news247,Marfin,Καμπαγιάννης για Marfin: Τα μεγάλα κενά πίσω από τις προφυλακίσεις,https://www.news247.gr/ellada/kampagiannis-gia-marfin-ta-megala-kena-piso-apo-tis-profilakiseis/,,2026-07-23T13:55:30Z
news247,Marfin,"Marfin: Δύο προφυλακίσεις, μία έκδοση και πλήθος ερωτημάτων",https://www.news247.gr/ellada/marfin-dio-profilakiseis-mia-ekdosi-kai-plithos-erotimaton/,,2026-07-23T13:55:30Z
news247,Marfin,Marfin: Two arrested men remanded in custody – They deny the charges,https://www.news247.gr/en/marfin-two-arrested-men-remanded-in-custody-they-deny-the-charges/,,2026-07-23T13:55:30Z
news247,Marfin,Marfin: Προσωρινά κρατούμενοι οι δύο συλληφθέντες – Αρνούνται τις κατηγορίες,https://www.news247.gr/ellada/marfin-prosorina-kratoumenoi-oi-dio-sillifthentes/,,2026-07-23T13:55:30Z
news247,Marfin,Marfin: Στην Ελλάδα θα εκδοθεί η 46χρονη που συνελήφθη στη Βρετανία,https://www.news247.gr/ellada/marfin-stin-ellada-tha-ekdothei-i-46xroni-pou-sinelifthi-sti-vretania/,,2026-07-23T13:55:30Z
news247,Marfin,Marfin: Two suspects appear before investigating judge in Athens,https://www.news247.gr/en/marfin-two-suspects-appear-before-investigating-judge-in-athens/,,2026-07-23T13:55:30Z
news247,Marfin,ΠΕΡΙΣΣΟΤΕΡΑ ΑΡΘΡΑ,https://www.news247.gr/page/2/?s=Marfin,,2026-07-23T13:55:30Z
news247,υπόθεση Marfin,Υπόθεση Marfin: Δύο επιπλέον ύποπτοι δράστες στο κάδρο – Πού στρέφονται οι έρευνες,https://www.news247.gr/ellada/ipothesi-marfin-dio-epipleon-ipoptoi-drastes-sto-kadro-pou-strefontai-oi-erevnes/,,2026-07-23T13:55:30Z
newsgr,Μαρφίν,Μήνυμα Βαρβιτσιώτη για τα 13 χρόνια από την τραγωδία στη Μαρφίν: «Δεν ξεχνάμε τα θύματα»,https://www.news.gr/politikh/article/3267213/minima-varvitsioti-gia-ta-13-chronia-apo-tin-tragodia-sti-marfin-den-xechname-ta-thimata.html,,2026-07-23T13:55:30Z
newsgr,Μαρφίν,Aνοίγει πάλι ο φάκελος της υπόθεσης Μαρφίν,https://www.news.gr/ellada/article/2534465/anigi-pali-o-fakelos-tis-ipothesis-marfin.html,,2026-07-23T13:55:30Z
newsgr,Μαρφίν,Μητσοτάκης: Να στηθεί μνημείο για τα θύματα της Μαρφίν,https://www.news.gr/politikh/article/1080795/mitsotakis-na-stithi-mnimio-gia-ta-thimata-tis-marfin.html,,2026-07-23T13:55:30Z
newsgr,Μαρφίν,Δίκη Μαρφίν: Συγκινεί η κατάθεση του πατέρα της νεκρής εγκύου,https://www.news.gr/ellada/koinonia/article/59510/dikh-marfin-sygkinei-h-katathesh-toy-patera-ths-ne.html,,2026-07-23T13:55:30Z
newsgr,υπόθεση Marfin,Παραιτήθηκε το δημόσιο από τις αναιρέσεις για την υπόθεση Marfin,https://www.news.gr/ellada/article/2245490/paretithike-to-dimosio-apo-tis-aneresis-gia-tin-ipothesi-marfin.html,,2026-07-23T13:55:30Z
newsgr,εμπρησμός Marfin,Εμπρησμός Marfin: Για «ισχνά στοιχεία» μιλούν οι συνήγοροι υπεράσπισης των κατηγορουμένων,https://www.news.gr/ellada/article/4175955/emprismos-marfin-gia-ischna-stichia-miloun-i-sinigori-iperaspisis-ton-katigoroumenon.html,,2026-07-23T13:55:30Z
debater,Marfin,Χρυσοχοϊδης: «Η υπόθεση της Marfin είναι δέμένη»,https://debater.gr/politiki/chrysochoidis-i-ypothesi-tis-marfin-einai-demeni/,,2026-07-23T13:55:30Z
debater,Marfin,Marfin: Σε κελί υψίστης ασφαλείας στις φυλακές Ναυπλίου ο «καθοδηγητής» του εμπρησμού – Νέοι ύποπτοι στο κάδρο των ερευνών,https://debater.gr/ellada/marfin-se-keli-ypsistis-asfaleias-stis-fylakes-nayplioy-o-kathodigitis-toy-emprismoy-synechizontai-oi-ereynes-gia-toys-ypoptoys/,,2026-07-23T13:55:30Z
debater,Marfin,Marfin: Σε ποια στοιχεία βασίστηκε η δικογραφία σε βάρος των 3 ατόμων – Το φωτογραφικό αρχείο που «ξεκλείδωσε» την υπόθεση,https://debater.gr/ellada/marfin-se-poia-stoicheia-vasistike-i-dikografia-se-varos-trion-atomon-to-fotografiko-archeio-poy-xekleidose-tin-ypothesi/,,2026-07-23T13:55:30Z
debater,Marfin,Marfin: Η στιγμή της δολοφονικής επίθεσης με μολότοφ στην τράπεζα – Οι φωτογραφίες των διακοπών που έδεσαν την υπόθεση,https://debater.gr/ellada/marfin-kare-kare-i-stigmi-tis-dolofonikis-epithesis-me-molotof-stin-trapeza-oi-fotografies-ton-diakopon-poy-edesan-tin-ypothesi/,,2026-07-23T13:55:30Z
debater,Marfin,Marfin: Στην αντεπίθεση η 46χρονη που αναμένεται να εκδοθεί στην Ελλάδα – «Παραβίαση προσωπικών δεδομένων και του τεκμηρίου της αθωότητας»,https://debater.gr/ellada/marfin-stin-antepithesi-i-46chroni-poy-anamenetai-na-ekdothei-stin-ellada-paraviasi-prosopikon-dedomonon-kai-toy-tekmirioy-tis-athootitas/,,2026-07-23T13:55:30Z
debater,Marfin,Marfin: Τα φωτογραφικά ντοκουμέντα από τις καλοκαιρινές διακοπές που οδήγησαν στην «ταυτοποίηση» των σακιδίων (Βίντεο),https://debater.gr/ellada/marfin-ta-fotografika-ntokoymenta-apo-tis-kalokairines-diakopes-poy-odigisan-stin-taytopoiisi-ton-sakidion-kai-prodosan-toys-ypoptoys/,,2026-07-23T13:55:30Z
debater,Marfin,Νέα ντοκουμέντα λίγα λεπτά μετά τον φονικό εμπρησμό στη Marfin – Πού “έπιασε” ο φακός τους δύο 42χρονους,https://debater.gr/ellada/nea-ntokoymenta-liga-lepta-meta-ton-foniko-emprismo-sti-marfin-poy-epiase-o-fakos-toys-dyo-42chronoys/,,2026-07-23T13:55:30Z
debater,Marfin,Εμπρηστική επίθεση στη Marfin: Στο «μικροσκόπιο» το ανώνυμο email που ξεκλείδωσε την υπόθεση – Αναζητούν τον αποστολέα,https://debater.gr/ellada/empristiki-epithesi-sti-marfin-sto-mikroskopio-to-anonymo-email-poy-xekleidose-tin-ypothesi-anazitoyn-ton-apostolea/,,2026-07-23T13:55:30Z
debater,Marfin,Marfin: Στις φυλακές Ναυπλίου και Μαλανδρίνου οι δύο 42χρονοι μετά την προφυλάκισή τους,https://debater.gr/ellada/marfin-stis-fylakes-nayplioy-kai-malandrinoy-oi-dyo-42chronoi-meta-tin-profylakisi-toys/,,2026-07-23T13:55:30Z
debater,Marfin,"Εμπρησμός στη Marfin: “Ήταν με στολή, σαν ομάδα εκτελεστών” – Η μαρτυρία του φωτορεπόρτερ που “έπιασε” στον φακό τους δράστες",https://debater.gr/ellada/emprismos-sti-marfin-itan-me-stoli-san-omada-ekteleston-i-martyria-toy-fotoreporter-poy-epiase-ston-fako-toys-drastes/,,2026-07-23T13:55:30Z
debater,Marfin,Δύο προφυλακίσεις και μία έκδοση για τον εμπρησμό στη Marfin – Τα κενά που “βλέπουν” οι δικηγόροι των κατηγορουμένων,https://debater.gr/ellada/dyo-profylakiseis-kai-mia-ekdosi-gia-ton-emprismo-sti-marfin-ta-kena-poy-vlepoyn-oi-dikigoroi-ton-katigoroymenon/,,2026-07-23T13:55:30Z
debater,Marfin,Εμπρηστική επίθεση στη Marfin: Τι υποστήριξαν στις μαραθώνιες απολογίες τους οι δύο 42χρονοι κατηγορούμενοι,https://debater.gr/ellada/empristiki-epithesi-sti-marfin-ti-ypostirixan-stis-marathonies-apologies-toys-oi-dyo-42chronoi-katigoroymenoi/,,2026-07-23T13:55:30Z
debater,Marfin,Εμπρηστική επίθεση στη Marfin: Προφυλακιστέοι οι δύο 42χρονοι κατηγορούμενοι μετά τις μαραθώνιες απολογίες τους,https://debater.gr/ellada/marfin-profylakisteoi-oi-dyo-katigoroymenoi/,,2026-07-23T13:55:30Z
debater,Marfin,Marfin: Έδωσε τη συγκατάθεσή της για να εκδοθεί στην Ελλάδα η 46χρονη – Σε διάστημα 10 ημερών υπολογίζεται η επιστροφή της,https://debater.gr/ellada/marfin-edose-ti-sygkatathesi-tis-gia-na-ekdothei-stin-ellada-i-46chroni-se-diastima-10-imeron-ypologizetai-i-epistrofi-tis/,,2026-07-23T13:55:30Z
debater,Marfin,Εμπρησμός στη Marfin: Στην Ευελπίδων για να απολογηθούν οι δύο 42χρονοι (βίντεο),https://debater.gr/ellada/stin-eyelpidon-oi-dyo-42chronoi-poy-katigoroyntai-gia-ton-emprismo-sti-marfin/,,2026-07-23T13:55:30Z
debater,Marfin,"Χρυσοχοΐδης για τον εμπρησμό στη Marfin: “Το υλικό υπήρχε, αλλά δεν είχε αξιοποιηθεί όπως έπρεπε”",https://debater.gr/politiki/chrysochoidis-gia-marfin-echoyn-katatethei-ta-apodeiktika-tekmiria-to-yliko-ypirche-sta-archeia-tis-elas/,,2026-07-23T13:55:30Z
debater,Marfin,"Εμπρησμός στη Marfin: Απολογούνται οι δύο 42χρονοι, αναμένεται η έκδοση της 46χρονης – Στο κάδρο δύο ακόμα άνδρες",https://debater.gr/ellada/emprismos-sti-marfin-apologoyntai-oi-dyo-42chronoi-anamenetai-i-ekdosi-tis-46chronis-sto-kadro-dyo-akoma-andres/,,2026-07-23T13:55:30Z
debater,Marfin,Marfin: Τα δύο φωτογραφικά ντοκουμέντα που ξεκλείδωσαν την υπόθεση και οδήγησαν στις συλλήψεις 16 χρόνια μετά,https://debater.gr/ellada/marfin-ta-dyo-fotografika-ntokoymenta-poy-xekleidosan-tin-ypothesi-kai-odigisan-stis-syllipseis-16-chronia-meta/,,2026-07-23T13:55:30Z
debater,Marfin,"Εμπρησμός Marfin: «Ισχνά στοιχεία» στη δικογραφία για τους τρεις κατηγορούμενους, λέει η υπεράσπιση – Πώς ταυτοποιήθηκαν οι ύποπτοι",https://debater.gr/ellada/emprismos-marfin-ischna-stoicheia-sti-dikografia-gia-toys-treis-katigoroymenoys-leei-i-yperaspisi-pos-taytopoiithikan-oi-ypoptoi/,,2026-07-23T13:55:30Z
debater,Marfin,Marfin: Την Τρίτη ενώπιον Βρετανού ανακριτή η 46χρονη που συνελήφθη στο Γκάτγουικ – Πότε ξεκινά η διαδικασία έκδοσης στην Ελλάδα,https://debater.gr/ellada/marfin-tin-triti-enopion-vretanoy-anakriti-i-46chroni-poy-synelifthi-sto-gkatgoyik-pote-xekina-i-diadikasia-ekdosis-stin-ellada/,,2026-07-23T13:55:30Z
debater,Marfin,2,https://debater.gr/page/2/?s=Marfin,,2026-07-23T13:55:30Z
debater,Marfin,3,https://debater.gr/page/3/?s=Marfin,,2026-07-23T13:55:30Z
debater,Marfin,›,https://debater.gr/page/2/?s=Marfin,,2026-07-23T13:55:30Z
debater,Marfin,»,https://debater.gr/page/6/?s=Marfin,,2026-07-23T13:55:30Z
debater,Μαρφίν,Δένδιας: “Δεκαπέντε χρόνια από το έγκλημα του εμπρησμού της Μαρφίν”,https://debater.gr/politiki/dendias-dekapente-chronia-apo-to-egklima-tou-emprismou-tis-marfin/,,2026-07-23T13:55:30Z
debater,εμπρησμός Marfin,Εμπρησμός Marfin: 15 χρόνια από την τραγωδία που συντάραξε το πανελλήνιο (Βίντεο),https://debater.gr/ellada/emprismos-marfin-15-chronia-apo-tin-tragodia-pou-sintaraxe-to-panellinio-vinteo/,,2026-07-23T13:55:30Z
thepressproject,Marfin,"Πολύκαρπος Γεωργιάδης για την εμπλοκή του στη Marfin: «Κατονομάζομαι στο e-mail ότι βρισκόμουν στη διαδήλωση, ενώ ήμουν έγκλειστος στον Κορυδαλλό!»",https://thepressproject.gr/polykarpos-georgiadis-gia-tin-ebloki-tou-sti-marfin-katonomazomai-sto-e-mail-oti-vriskomoun-sti-diadilosi-eno-imoun-egkleistos-ston-korydallo/,,2026-07-23T13:55:30Z
thepressproject,Marfin,"Αφήστε ένα Σχόλιο στο Πολύκαρπος Γεωργιάδης για την εμπλοκή του στη Marfin: «Κατονομάζομαι στο e-mail ότι βρισκόμουν στη διαδήλωση, ενώ ήμουν έγκλειστος στον Κορυδαλλό!»",https://thepressproject.gr/polykarpos-georgiadis-gia-tin-ebloki-tou-sti-marfin-katonomazomai-sto-e-mail-oti-vriskomoun-sti-diadilosi-eno-imoun-egkleistos-ston-korydallo/#respond,,2026-07-23T13:55:30Z
thepressproject,Marfin,Marfin: Το επίμαχο ανώνυμο και αναξιόπιστο email – Κατονομάζεται ως δράστης πρόσωπο που τότε ήταν φυλακή,https://thepressproject.gr/marfin-to-epimacho-anonymo-kai-anaxiopisto-email-katonomazetai-os-drastis-prosopo-pou-tote-itan-fylaki/,,2026-07-23T13:55:30Z
thepressproject,Marfin,Αφήστε ένα Σχόλιο στο Marfin: Το επίμαχο ανώνυμο και αναξιόπιστο email – Κατονομάζεται ως δράστης πρόσωπο που τότε ήταν φυλακή,https://thepressproject.gr/marfin-to-epimacho-anonymo-kai-anaxiopisto-email-katonomazetai-os-drastis-prosopo-pou-tote-itan-fylaki/#respond,,2026-07-23T13:55:30Z
thepressproject,Marfin,Δημογλίδου για Marfin: Η Αστυνομία δεν πραγματοποιεί συλλήψεις για επικοινωνιακούς λόγους,https://thepressproject.gr/dimoglidou-gia-marfin-i-astynomia-den-pragmatopoiei-syllipseis-gia-epikoinoniakous-logous/,,2026-07-23T13:55:30Z
thepressproject,Marfin,Αφήστε ένα Σχόλιο στο Δημογλίδου για Marfin: Η Αστυνομία δεν πραγματοποιεί συλλήψεις για επικοινωνιακούς λόγους,https://thepressproject.gr/dimoglidou-gia-marfin-i-astynomia-den-pragmatopoiei-syllipseis-gia-epikoinoniakous-logous/#respond,,2026-07-23T13:55:30Z
thepressproject,Marfin,Marfin: Στην Ευελπίδων έφτασαν οι δύο συλληφθέντες για την απολογία τους,https://thepressproject.gr/marfin-stin-evelpidon-eftasan-oi-dyo-syllifthentes-gia-tin-apologia-tous/,,2026-07-23T13:55:30Z
thepressproject,Marfin,Αφήστε ένα Σχόλιο στο Marfin: Στην Ευελπίδων έφτασαν οι δύο συλληφθέντες για την απολογία τους,https://thepressproject.gr/marfin-stin-evelpidon-eftasan-oi-dyo-syllifthentes-gia-tin-apologia-tous/#respond,,2026-07-23T13:55:30Z
thepressproject,Marfin,"Απόπειρα εξιχνίασης Marfin… no.3: Από το ανώνυμο σημείωμα, στο ανώνυμο τηλεφώνημα και σήμερα στο ανώνυμο email – «Είναι σκευωρία!»",https://thepressproject.gr/apopeira-exichniasis-marfin-no-3-apo-to-anonymo-simeioma-sto-anonymo-tilefonima-kai-simera-sto-anonymo-email-einai-skevoria/,,2026-07-23T13:55:30Z
thepressproject,Marfin,"Αφήστε ένα Σχόλιο στο Απόπειρα εξιχνίασης Marfin… no.3: Από το ανώνυμο σημείωμα, στο ανώνυμο τηλεφώνημα και σήμερα στο ανώνυμο email – «Είναι σκευωρία!»",https://thepressproject.gr/apopeira-exichniasis-marfin-no-3-apo-to-anonymo-simeioma-sto-anonymo-tilefonima-kai-simera-sto-anonymo-email-einai-skevoria/#respond,,2026-07-23T13:55:30Z
thepressproject,Marfin,Περηφανεύεται ο Μαρινάκης για τις συλλήψεις φερόμενων δραστών της Marfin: «Η πολιτεία έκανε πράξη τη δέσμευσή της»,https://thepressproject.gr/perifanevetai-o-marinakis-gia-tis-syllipseis-feromenon-draston-tis-marfin-i-politeia-ekane-praxi-ti-desmefsi-tis/,,2026-07-23T13:55:30Z
thepressproject,Marfin,Αφήστε ένα Σχόλιο στο Περηφανεύεται ο Μαρινάκης για τις συλλήψεις φερόμενων δραστών της Marfin: «Η πολιτεία έκανε πράξη τη δέσμευσή της»,https://thepressproject.gr/perifanevetai-o-marinakis-gia-tis-syllipseis-feromenon-draston-tis-marfin-i-politeia-ekane-praxi-ti-desmefsi-tis/#respond,,2026-07-23T13:55:30Z
thepressproject,Marfin,Σήμερα Συνέντευξη Τύπου για την υπόθεση της Marfin,https://thepressproject.gr/simera-synentefxi-typou-gia-tin-ypothesi-tis-marfin/,,2026-07-23T13:55:30Z
thepressproject,Marfin,Αφήστε ένα Σχόλιο στο Σήμερα Συνέντευξη Τύπου για την υπόθεση της Marfin,https://thepressproject.gr/simera-synentefxi-typou-gia-tin-ypothesi-tis-marfin/#respond,,2026-07-23T13:55:30Z
thepressproject,Marfin,Συνελήφθη η 46χρονη που κατηγορείται για τον εμπρησμό στη Marfin,https://thepressproject.gr/synelifthi-i-46chroni-pou-katigoreitai-gia-ton-ebrismo-sti-marfin/,,2026-07-23T13:55:30Z
thepressproject,Marfin,Αφήστε ένα Σχόλιο στο Συνελήφθη η 46χρονη που κατηγορείται για τον εμπρησμό στη Marfin,https://thepressproject.gr/synelifthi-i-46chroni-pou-katigoreitai-gia-ton-ebrismo-sti-marfin/#respond,,2026-07-23T13:55:30Z
thepressproject,Marfin,Χρ. Ράμμος για την υπόθεση Marfin: «Να τηρηθεί το τεκμήριο αθωότητας»,https://thepressproject.gr/chr-rammos-gia-tin-ypothesi-marfin-na-tirithei-to-tekmirio-athootitas/,,2026-07-23T13:55:30Z
thepressproject,Marfin,Αφήστε ένα Σχόλιο στο Χρ. Ράμμος για την υπόθεση Marfin: «Να τηρηθεί το τεκμήριο αθωότητας»,https://thepressproject.gr/chr-rammos-gia-tin-ypothesi-marfin-na-tirithei-to-tekmirio-athootitas/#respond,,2026-07-23T13:55:30Z
thepressproject,Marfin,Marfin: Η επίσημη ανακοίνωση της Αστυνομίας,https://thepressproject.gr/marfin-i-episimi-anakoinosi-tis-astynomias/,,2026-07-23T13:55:30Z
thepressproject,Marfin,Αφήστε ένα Σχόλιο στο Marfin: Η επίσημη ανακοίνωση της Αστυνομίας,https://thepressproject.gr/marfin-i-episimi-anakoinosi-tis-astynomias/#respond,,2026-07-23T13:55:30Z
thepressproject,Marfin,2,https://thepressproject.gr/page/2/?s=Marfin,,2026-07-23T13:55:30Z
thepressproject,Marfin,3,https://thepressproject.gr/page/3/?s=Marfin,,2026-07-23T13:55:30Z
thepressproject,Marfin,17,https://thepressproject.gr/page/17/?s=Marfin,,2026-07-23T13:55:30Z
thepressproject,Marfin,»,https://thepressproject.gr/page/2/?s=Marfin,,2026-07-23T13:55:30Z
thepressproject,Μαρφίν,"Εκδήλωση: 16 χρόνια μετά, να ξανά μιλήσουμε για τη Μαρφίν",https://thepressproject.gr/ekdilosi-16-chronia-meta-na-xana-milisoume-gia-ti-marfin/,,2026-07-23T13:55:30Z
thepressproject,Μαρφίν,"Αφήστε ένα Σχόλιο στο Εκδήλωση: 16 χρόνια μετά, να ξανά μιλήσουμε για τη Μαρφίν",https://thepressproject.gr/ekdilosi-16-chronia-meta-na-xana-milisoume-gia-ti-marfin/#respond,,2026-07-23T13:55:30Z
thepressproject,Μαρφίν,"ΦΑΡΜΑ ΤΩΝ ΖΩΩΝ – 10/7/2026: Α.Τ Ομόνοιας, Μαρφίν, Άργος, Ακρίβεια, ΣΥΡΙΖΑ",https://thepressproject.gr/farma-ton-zoon-10-7-2026-a-t-omonoias-marfin-argos-akriveia-syriza/,,2026-07-23T13:55:30Z
thepressproject,Μαρφίν,"Αφήστε ένα Σχόλιο στο ΦΑΡΜΑ ΤΩΝ ΖΩΩΝ – 10/7/2026: Α.Τ Ομόνοιας, Μαρφίν, Άργος, Ακρίβεια, ΣΥΡΙΖΑ",https://thepressproject.gr/farma-ton-zoon-10-7-2026-a-t-omonoias-marfin-argos-akriveia-syriza/#respond,,2026-07-23T13:55:30Z
thepressproject,Μαρφίν,"Στέλεχος της ΝΔ κατά Καρυστιανού: «Για το Μάτι και τη Μαρφίν δε λέτε» – «Αισχρή επίθεση προς το πρόσωπό μας», απαντά",https://thepressproject.gr/stelechos-tis-nd-kata-karystianou-gia-to-mati-kai-ti-marfin-de-lete-aischri-epithesi-pros-to-prosopo-mas-apanta/,,2026-07-23T13:55:30Z
thepressproject,Μαρφίν,"Αφήστε ένα Σχόλιο στο Στέλεχος της ΝΔ κατά Καρυστιανού: «Για το Μάτι και τη Μαρφίν δε λέτε» – «Αισχρή επίθεση προς το πρόσωπό μας», απαντά",https://thepressproject.gr/stelechos-tis-nd-kata-karystianou-gia-to-mati-kai-ti-marfin-de-lete-aischri-epithesi-pros-to-prosopo-mas-apanta/#respond,,2026-07-23T13:55:30Z
thepressproject,Μαρφίν,"Χυδαία επίθεση στελέχους της ΝΔ στη Μαρία Καρυστιανού: «Τι έχετε κάνει και πει για τη μάνα του Αξαρλιάν, τα θύματα της Μαρφίν και του Ματιού;»",https://thepressproject.gr/chydaia-epithesi-stelechous-tis-nd-sti-maria-karystianou-ti-echete-kanei-kai-pei-gia-ti-mana-tou-axarlian-ta-thymata-tis-marfin-kai-tou-matiou/,,2026-07-23T13:55:30Z
thepressproject,Μαρφίν,"Αφήστε ένα Σχόλιο στο Χυδαία επίθεση στελέχους της ΝΔ στη Μαρία Καρυστιανού: «Τι έχετε κάνει και πει για τη μάνα του Αξαρλιάν, τα θύματα της Μαρφίν και του Ματιού;»",https://thepressproject.gr/chydaia-epithesi-stelechous-tis-nd-sti-maria-karystianou-ti-echete-kanei-kai-pei-gia-ti-mana-tou-axarlian-ta-thymata-tis-marfin-kai-tou-matiou/#respond,,2026-07-23T13:55:30Z
thepressproject,Μαρφίν,Το υπουργείο απαντά – επιβεβαιώνοντας τον εμπαιγμό των συγγενών θυμάτων της Μαρφίν,https://thepressproject.gr/to-ypourgeio-apanta-epivevaionontas-ton-ebaigmo-ton-syngenon-thymaton-tis-marfin/,,2026-07-23T13:55:30Z
thepressproject,Μαρφίν,Αφήστε ένα Σχόλιο στο Το υπουργείο απαντά – επιβεβαιώνοντας τον εμπαιγμό των συγγενών θυμάτων της Μαρφίν,https://thepressproject.gr/to-ypourgeio-apanta-epivevaionontas-ton-ebaigmo-ton-syngenon-thymaton-tis-marfin/#respond,,2026-07-23T13:55:30Z
thepressproject,Μαρφίν,"Μαρφίν: Κι όμως, ο εμπαιγμός των συγγενών των θυμάτων, συνεχίζεται!",https://thepressproject.gr/marfin-ki-omos-o-ebaigmos-ton-syngenon-ton-thymaton-synechizetai/,,2026-07-23T13:55:30Z
thepressproject,Μαρφίν,"Αφήστε ένα Σχόλιο στο Μαρφίν: Κι όμως, ο εμπαιγμός των συγγενών των θυμάτων, συνεχίζεται!",https://thepressproject.gr/marfin-ki-omos-o-ebaigmos-ton-syngenon-ton-thymaton-synechizetai/#respond,,2026-07-23T13:55:30Z
thepressproject,Μαρφίν,Ο εμπρησμός της τράπεζας Μαρφίν και η απόπειρα ιστοριογραφικής ανασκευής του,https://thepressproject.gr/o-ebrismos-tis-trapezas-marfin-ke-i-apopira-istoriografikis-anaskevis-tou/,,2026-07-23T13:55:30Z
thepressproject,Μαρφίν,Αφήστε ένα Σχόλιο στο Ο εμπρησμός της τράπεζας Μαρφίν και η απόπειρα ιστοριογραφικής ανασκευής του,https://thepressproject.gr/o-ebrismos-tis-trapezas-marfin-ke-i-apopira-istoriografikis-anaskevis-tou/#respond,,2026-07-23T13:55:30Z
thepressproject,Μαρφίν,Ευθύνες σε πυροσβεστική και αστυνομία για τη φονική πυρκαγιά στη Μαρφίν,https://thepressproject.gr/euthunes-se-purosbestiki-kai-astunomia-gia-ti-foniki-purkagia-sti-marfin/,,2026-07-23T13:55:30Z
thepressproject,Μαρφίν,Αφήστε ένα Σχόλιο στο Ευθύνες σε πυροσβεστική και αστυνομία για τη φονική πυρκαγιά στη Μαρφίν,https://thepressproject.gr/euthunes-se-purosbestiki-kai-astunomia-gia-ti-foniki-purkagia-sti-marfin/#respond,,2026-07-23T13:55:30Z
thepressproject,Μαρφίν,Δίκη Μαρφίν: «Η κόρη μου θα είχε σωθεί αν υπήρχε έστω μία έξοδος κινδύνου»,https://thepressproject.gr/diki-marfin-i-kori-mou-tha-eixe-sothei-an-upirxe-esto-mia-eksodos-kindunou/,,2026-07-23T13:55:30Z
thepressproject,Μαρφίν,Αφήστε ένα Σχόλιο στο Δίκη Μαρφίν: «Η κόρη μου θα είχε σωθεί αν υπήρχε έστω μία έξοδος κινδύνου»,https://thepressproject.gr/diki-marfin-i-kori-mou-tha-eixe-sothei-an-upirxe-esto-mia-eksodos-kindunou/#respond,,2026-07-23T13:55:30Z
thepressproject,υπόθεση Marfin,Άτακτη υποχώρηση για την κυβέρνηση μετά την ντροπιαστική δημοσιοποίηση των μεθοδεύσεων στην υπόθεση Marfin,https://thepressproject.gr/atakti-ypochorisi-gia-tin-kyvernisi-meta-tin-ntropiastiki-dimosiopiisi-ton-methodefseon-se-varos-ton-thymaton-tis-marfin/,,2026-07-23T13:55:30Z
thepressproject,υπόθεση Marfin,Αφήστε ένα Σχόλιο στο Άτακτη υποχώρηση για την κυβέρνηση μετά την ντροπιαστική δημοσιοποίηση των μεθοδεύσεων στην υπόθεση Marfin,https://thepressproject.gr/atakti-ypochorisi-gia-tin-kyvernisi-meta-tin-ntropiastiki-dimosiopiisi-ton-methodefseon-se-varos-ton-thymaton-tis-marfin/#respond,,2026-07-23T13:55:30Z
thepressproject,υπόθεση Marfin,Υπόθεση Marfin: Ελεύθερος και ο δεύτερος κατηγορούμενος,https://thepressproject.gr/upothesi-marfin-eleutheros-kai-o-deuteros-katigoroumenos/,,2026-07-23T13:55:30Z
thepressproject,υπόθεση Marfin,Αφήστε ένα Σχόλιο στο Υπόθεση Marfin: Ελεύθερος και ο δεύτερος κατηγορούμενος,https://thepressproject.gr/upothesi-marfin-eleutheros-kai-o-deuteros-katigoroumenos/#respond,,2026-07-23T13:55:30Z
thepressproject,υπόθεση Marfin,Υπόθεση Marfin: Την καταδίκη των δραστών και των υπευθύνων της τράπεζας ζητεί η οικογένεια θύματος,https://thepressproject.gr/upothesi-marfin-tin-katadiki-draston-kai-upeuthunon-ergodosias-zitei-i-oikogeneia-thumatos/,,2026-07-23T13:55:30Z
thepressproject,υπόθεση Marfin,Αφήστε ένα Σχόλιο στο Υπόθεση Marfin: Την καταδίκη των δραστών και των υπευθύνων της τράπεζας ζητεί η οικογένεια θύματος,https://thepressproject.gr/upothesi-marfin-tin-katadiki-draston-kai-upeuthunon-ergodosias-zitei-i-oikogeneia-thumatos/#respond,,2026-07-23T13:55:30Z
enikos,Marfin,Marfin: Τα «σημάδια» πίσω από τις κουκούλες – Τα στοιχεία στα οποία στηρίχθηκαν οι διώξεις για τις δολοφονίες το 2010,https://www.enikos.gr/society/marfin-ta-simadia-piso-apo-tis-koukoules-ta-stoicheia-sta-opoia-stirichthikan-oi-dioxeis-gia-tis-dolofonies-to-2010/2616528/,,2026-07-23T13:55:30Z
enikos,Marfin,Χρυσοχοΐδης: Η υπόθεση της Marfin είναι «δεμένη» – Υπάρχουν αταυτοποίητοι δράστες,https://www.enikos.gr/politics/chrysochoidis-i-ypothesi-tis-marfin-einai-demeni-yparchoun-ataftopoiitoi-drastes/2615893/,,2026-07-23T13:55:30Z
enikos,Marfin,Marfin: Νέα φωτογραφικά ντοκουμέντα και βίντεο από τη δολοφονική επίθεση – «Μας έλεγαν “να καείτε όλοι”»,https://www.enikos.gr/sports/marfin-nea-fotografika-ntokoumenta-kai-vinteo-apo-ti-dolofoniki-epithesi-mas-elegan-na-kaeite-oloi/2615488/,,2026-07-23T13:55:30Z
enikos,Marfin,Marfin: Σε κελί υψίστης ασφαλείας στο Ναύπλιο ο 42χρονος – Συνεχίζονται οι έρευνες για ακόμη δύο υπόπτους,https://www.enikos.gr/society/marfin-se-keli-ypsistis-asfaleias-sto-nafplio-o-42chronos-synechizontai-oi-erevnes-gia-akomi-dyo-ypoptous/2615438/,,2026-07-23T13:55:30Z
enikos,Marfin,Marfin: Καρέ-καρέ η ανάλυση των φωτογραφιών που οδήγησαν στην ταυτοποίηση των συλληφθέντων – Το βίντεο – ντοκουμέντο από τη φονική επίθεση στην τράπεζα,https://www.enikos.gr/society/marfin-kare-kare-i-analysi-ton-fotografion-pou-odigisan-stin-taftopoiisi-ton-syllifthenton-to-vinteo-ntokoumento-apo-ti-foniki-epithesi-stin-trapeza/2615006/,,2026-07-23T13:55:30Z
enikos,Marfin,Marfin: «Αθώα» δηλώνει η 46χρονη που κρατείται στο Λονδίνο – «Δεν έχω την παραμικρή σύνδεση με το άθλιο γεγονός της δολοφονίας των ανθρώπων»,https://www.enikos.gr/society/marfin-athoa-dilonei-i-46chroni-pou-krateitai-sto-londino-den-echo-tin-paramikri-syndesi-me-to-athlio-gegonos-tis-dolofonias-ton-anthropon/2614957/,,2026-07-23T13:55:30Z
enikos,Marfin,Marfin: Δύο σακίδια κι ένα σημάδι στο μέτωπο οδήγησαν την ΕΛ.ΑΣ. στην ταυτοποίηση των κατηγορούμενων – Οι φωτογραφίες που τους «αποκάλυψαν»,https://www.enikos.gr/society/marfin-dyo-sakidia-ki-ena-simadi-sto-metopo-odigisan-tin-el-as-stin-taftopoiisi-ton-katigoroumenon-oi-fotografies-pou-tous-apokalypsan/2614858/,,2026-07-23T13:55:30Z
enikos,Marfin,Εμπρηστική επίθεση στη Marfin: «Επέστρεψε στο σημείο και κοιτούσε τις φωτιές» – Η μαρτυρία που «καίει» την 46χρονη και τα νέα φωτογραφικά ντοκουμέντα,https://www.enikos.gr/society/ebristiki-epithesi-sti-marfin-epestrepse-sto-simeio-kai-koitouse-tis-foties-i-martyria-pou-kaiei-tin-46chroni-kai-ta-nea-fotografika-ntokoumenta/2614400/,,2026-07-23T13:55:30Z
enikos,Marfin,Εμπρηστική επίθεση στη Marfin: Την ταυτοποίηση του αποστολέα του email ζητεί η ανακρίτρια – Παράσταση από την οικογένεια της 32χρονης Αγγελικής,https://www.enikos.gr/uncategorized/ebristiki-epithesi-sti-marfin-tin-taftopoiisi-tou-apostolea-tou-email-zitei-i-anakritria-parastasi-apo-tin-oikogeneia-tis-32chronis-angelikis/2614275/,,2026-07-23T13:55:30Z
enikos,Marfin,Marfin: Στις φυλακές Ναυπλίου και Μαλανδρίνου θα οδηγηθούν οι δύο 42χρονοι κατηγορούμενοι για τον εμπρησμό,https://www.enikos.gr/society/marfin-stis-fylakes-nafpliou-kai-malandrinou-tha-odigithoun-oi-dyo-42chronoi-katigoroumenoi-gia-ton-ebrismo/2614200/,,2026-07-23T13:55:30Z
enikos,Marfin,Marfin: Οι 204 φωτογραφίες που άνοιξαν τον… δρόμο για τη σύλληψη των δύο 42χρονων – Ο άνδρας που ήρθε σε επαφή με τον «εναερίτη» με συνδετικό κρίκο την 46χρονη,https://www.enikos.gr/society/marfin-oi-204-fotografies-pou-anoixan-ton-dromo-gia-ti-syllipsi-ton-dyo-42chronon-o-andras-pou-irthe-se-epafi-me-ton-enaeriti-me-syndetiko-kriko-tin-46chroni/2613868/,,2026-07-23T13:55:30Z
enikos,Marfin,Εμπρηστική επίθεση στη Marfin: «Ήταν σαν ομάδα εκτελεστών» – Συγκλονίζει ο φωτορεπόρτερ που αποτύπωσε με την κάμερά του τις φονικές στιγμές στην τράπεζα,https://www.enikos.gr/society/ebristiki-epithesi-sti-marfin-itan-san-omada-ekteleston-sygklonizei-o-fotoreporter-pou-apotypose-me-tin-kamera-tou-tis-fonikes-stigmes-stin-trapeza/2613860/,,2026-07-23T13:55:30Z
enikos,Marfin,Εμπρηστική επίθεση στη Marfin: Τι υποστήριξαν στις απολογίες τους οι δύο συλληφθέντες,https://www.enikos.gr/society/ebristiki-epithesi-sti-marfin-ti-ypostirixan-stis-apologies-tous-oi-dyo-syllifthentes/2613831/,,2026-07-23T13:55:30Z
enikos,Marfin,Εμπρηστική επίθεση στη Marfin: Προφυλακιστέοι οι δύο κατηγορούμενοι – Δέχτηκε να εκδοθεί στην Ελλάδα η 46χρονη,https://www.enikos.gr/society/ebristiki-epithesi-sti-marfin-profylakisteoi-oi-dyo-katigoroumenoi/2613791/,,2026-07-23T13:55:30Z
enikos,Marfin,Εμπρηστική επίθεση στη Marfin: Δέχτηκε να εκδοθεί στην Ελλάδα η 46χρονη και επιστρέφει μέσα στις επόμενες 10 ημέρες,https://www.enikos.gr/society/ebristiki-epithesi-sto-marfin-dechtike-na-ekdothei-stin-ellada-i-46chroni-kai-epistrefei-mesa-stis-epomenes-10-imeres/2613760/,,2026-07-23T13:55:30Z
enikos,Marfin,Marfin: Συνοδεία ισχυρών αστυνομικών δυνάμεων στα δικαστήρια οι 2 συλληφθέντες για τον εμπρησμό,https://www.enikos.gr/society/marfin-synodeia-ischyron-astynomikon-dynameon-sta-dikastiria-oi-2-syllifthentes-gia-ton-ebrismo/2613663/,,2026-07-23T13:55:30Z
enikos,Marfin,Marfin: Απολογούνται οι δύο 42χρονοι συλληφθέντες για τον εμπρησμό – Ενώπιον των βρετανικών Αρχών η 46χρονη,https://www.enikos.gr/society/marfin-apologountai-oi-dyo-42chronoi-syllifthentes-gia-ton-ebrismo-enopion-ton-vretanikon-archon-i-46chroni/2613432/,,2026-07-23T13:55:30Z
enikos,Marfin,Εμπρηστική επίθεση στη Marfin: «Ισχνά τα στοιχεία της δικογραφίας» – Τι είπαν οι συνήγοροι των κατηγορουμένων λίγες ώρες πριν από τις απολογίες τους,https://www.enikos.gr/society/ebristiki-epithesi-sti-marfin-ischna-ta-stoicheia-tis-dikografias-ti-eipan-oi-synigoroi-ton-katigoroumenon-liges-ores-prin-apo-tis-apologies-tous/2613265/,,2026-07-23T13:55:30Z
enikos,Marfin,Εμπρησμός στη Marfin: Οι φωτογραφίες που “πρόδωσαν” τους 3 συλληφθέντες – Οι κρίσιμες μαρτυρίες και οι έρευνες για τον εντοπισμό ακόμη δύο βασικών υπόπτων,https://www.enikos.gr/society/ebrismos-sti-marfin-oi-fotografies-pou-prodosan-tous-3-syllifthentes-oi-krisimes-martyries-kai-oi-erevnes-gia-ton-entopismo-akomi-dyo-vasikon-ypopton/2613247/,,2026-07-23T13:55:30Z
enikos,Marfin,Εμπρηστική επίθεση στη Marfin: Παρουσιάζεται την Τρίτη ενώπιον βρετανικού δικαστηρίου για το αίτημα έκδοσης στην Ελλάδα η 46χρονη,https://www.enikos.gr/society/ebristiki-epithesi-sti-marfin-parousiazetai-tin-triti-enopion-vretanikou-dikastiriou-gia-to-aitima-ekdosis-stin-ellada-i-46chroni/2613225/,,2026-07-23T13:55:30Z
enikos,Marfin,Θοδωρής Αθερίδης: Τα «εγκώμια» του ηθοποιού στον Μιχάλη Χρυσοχοΐδη για την υπόθεση Marfin και οι αντιδράσεις,https://www.enikos.gr/lifestyle/thodoris-atheridis-ta-egkomia-tou-ithopoiou-ston-michali-chrysochoidi-gia-tin-ypothesi-marfin-kai-oi-antidraseis/2613136/,,2026-07-23T13:55:30Z
enikos,Marfin,Εμπρηστική επίθεση στη Marfin: Στο αεροδρόμιο του Γκάτγουικ όπου εργαζόταν συνελήφθη η 46χρονη – «Ήταν έτοιμη να έρθει στην Ελλάδα»,https://www.enikos.gr/society/ebristiki-epithesi-sti-marfin-sto-aerodromio-tou-gkatgouik-opou-ergazotan-synelifthi-i-46chroni-itan-etoimi-na-erthei-stin-ellada/2613108/,,2026-07-23T13:55:30Z
enikos,Marfin,Marfin: Συνελήφθη στη Βρετανία η 46χρονη που κατηγορείται για τον εμπρησμό,https://www.enikos.gr/society/marfin-synelifthi-sti-vretania-i-46chroni-pou-katigoreitai-gia-ton-ebrismo/2612963/,,2026-07-23T13:55:30Z
enikos,Marfin,Υπόθεση Marfin: Πώς έφτασαν οι αρχές στην ταυτοποίηση των συλληφθέντων – Η πενταμελής «ομάδα κρούσης» και το σακίδιο «κλειδί»,https://www.enikos.gr/society/ypothesi-marfin-pos-eftasan-oi-arches-stin-taftopoiisi-ton-syllifthenton-i-pentamelis-omada-krousis-kai-to-sakidio-kleidi/2612585/,,2026-07-23T13:55:30Z
enikos,Marfin,>,https://www.enikos.gr/page/2/?s=Marfin,,2026-07-23T13:55:30Z
enikos,Μαρφίν,Μαρφίν,https://www.enikos.gr/mpogiopoulos/marfin/254419/,,2026-07-23T13:55:30Z
enikos,υπόθεση Marfin,Υπόθεση Marfin: Επικοινώνησε με τις Αρχές και επιστρέφει στην Ελλάδα από τη Μεγάλη Βρετανία – Δηλώνει αθώα,https://www.enikos.gr/society/ypothesi-marfin-epistrefei-stin-ellada-i-46chroni-pou-katigoreitai-dilonei-athoa-kai-thelei-na-katathesei-stis-arches/2612254/,,2026-07-23T13:55:30Z
enikos,υπόθεση Marfin,Υπόθεση Marfin: Δύο εμπρησμοί “δείχνουν” τους δράστες – Τέσσερις υπόπτους έχει ταυτοποιήσει η ΕΛ.ΑΣ.,https://www.enikos.gr/society/ypothesi-marfin-dyo-emprismoi-deichnoun-tous-drastes-tesseris-ypo/1556398/,,2026-07-23T13:55:30Z
enikos,υπόθεση Marfin,Υπόθεση Marfin: Ταυτοποιήθηκαν δύο νέοι ύποπτοι για την εμπρηστική επίθεση,https://www.enikos.gr/society/ypothesi-marfin-taftopoiithikan-dyo-neoi-ypoptoi-gia-tin-empristi/1554832/,,2026-07-23T13:55:30Z
enikos,υπόθεση Marfin,Υπόθεση Marfin: Νέα συγκλονιστική μαρτυρία για την τραγωδία – BINTEO,https://www.enikos.gr/society/ypothesi-marfin-nea-sygklonistiki-martyria-gia-tin-tragodia-binte/1553464/,,2026-07-23T13:55:30Z
enikos,υπόθεση Marfin,Υπόθεση Marfin: H ΕΛ.ΑΣ. έχει “κλειδώσει” 4 νέα άτομα για τον εμπρησμό,https://www.enikos.gr/society/ypothesi-marfin-h-elas-echei-kleidosei-4-nea-atoma-gia-ton-empris/1553357/,,2026-07-23T13:55:30Z
naftemporiki,Marfin,"Marfin: Ταυτοποιήθηκαν τα σακίδια, όχι τα βιομετρικά χαρακτηριστικά των κατηγορουμένων",https://www.naftemporiki.gr/?s=Marfin%3A+%CE%A4%CE%B1%CF%85%CF%84%CE%BF%CF%80%CE%BF%CE%B9%CE%AE%CE%B8%CE%B7%CE%BA%CE%B1%CE%BD+%CF%84%CE%B1+%CF%83%CE%B1%CE%BA%CE%AF%CE%B4%CE%B9%CE%B1%2C+%CF%8C%CF%87%CE%B9+%CF%84%CE%B1+%CE%B2%CE%B9%CE%BF%CE%BC%CE%B5%CF%84%CF%81%CE%B9%CE%BA%CE%AC+%CF%87%CE%B1%CF%81%CE%B1%CE%BA%CF%84%CE%B7%CF%81%CE%B9%CF%83%CF%84%CE%B9%CE%BA%CE%AC+%CF%84%CF%89%CE%BD+%CE%BA%CE%B1%CF%84%CE%B7%CE%B3%CE%BF%CF%81%CE%BF%CF%85%CE%BC%CE%AD%CE%BD%CF%89%CE%BD,,2026-07-23T13:55:30Z
naftemporiki,Marfin,Εμπρησμός στη Marfin: Τον αποστολέα του mail ζητεί η ανακρίτρια – Παράσταση από την οικογένεια της Αγγελικής Παπαθανασοπούλου,https://www.naftemporiki.gr/?s=%CE%95%CE%BC%CF%80%CF%81%CE%B7%CF%83%CE%BC%CF%8C%CF%82+%CF%83%CF%84%CE%B7+Marfin%3A+%CE%A4%CE%BF%CE%BD+%CE%B1%CF%80%CE%BF%CF%83%CF%84%CE%BF%CE%BB%CE%AD%CE%B1+%CF%84%CE%BF%CF%85+mail+%CE%B6%CE%B7%CF%84%CE%B5%CE%AF+%CE%B7+%CE%B1%CE%BD%CE%B1%CE%BA%CF%81%CE%AF%CF%84%CF%81%CE%B9%CE%B1+%26%238211%3B+%CE%A0%CE%B1%CF%81%CE%AC%CF%83%CF%84%CE%B1%CF%83%CE%B7+%CE%B1%CF%80%CF%8C+%CF%84%CE%B7%CE%BD+%CE%BF%CE%B9%CE%BA%CE%BF%CE%B3%CE%AD%CE%BD%CE%B5%CE%B9%CE%B1+%CF%84%CE%B7%CF%82+%CE%91%CE%B3%CE%B3%CE%B5%CE%BB%CE%B9%CE%BA%CE%AE%CF%82+%CE%A0%CE%B1%CF%80%CE%B1%CE%B8%CE%B1%CE%BD%CE%B1%CF%83%CE%BF%CF%80%CE%BF%CF%8D%CE%BB%CE%BF%CF%85,,2026-07-23T13:55:30Z
naftemporiki,Marfin,Εμπρησμός στη Marfin: Στις φυλακές Ναυπλίου και Μαλανδρίνου οι δύο 42χρονοι κατηγορούμενοι,https://www.naftemporiki.gr/?s=%CE%95%CE%BC%CF%80%CF%81%CE%B7%CF%83%CE%BC%CF%8C%CF%82+%CF%83%CF%84%CE%B7+Marfin%3A+%CE%A3%CF%84%CE%B9%CF%82+%CF%86%CF%85%CE%BB%CE%B1%CE%BA%CE%AD%CF%82+%CE%9D%CE%B1%CF%85%CF%80%CE%BB%CE%AF%CE%BF%CF%85+%CE%BA%CE%B1%CE%B9+%CE%9C%CE%B1%CE%BB%CE%B1%CE%BD%CE%B4%CF%81%CE%AF%CE%BD%CE%BF%CF%85+%CE%BF%CE%B9+%CE%B4%CF%8D%CE%BF+42%CF%87%CF%81%CE%BF%CE%BD%CE%BF%CE%B9+%CE%BA%CE%B1%CF%84%CE%B7%CE%B3%CE%BF%CF%81%CE%BF%CF%8D%CE%BC%CE%B5%CE%BD%CE%BF%CE%B9,,2026-07-23T13:55:30Z
naftemporiki,Marfin,«Δεν ήμασταν στο σημείο» – Τι υποστήριξαν οι δύο κατηγορούμενοι για την τραγωδία της Marfin,https://www.naftemporiki.gr/?s=%C2%AB%CE%94%CE%B5%CE%BD+%CE%AE%CE%BC%CE%B1%CF%83%CF%84%CE%B1%CE%BD+%CF%83%CF%84%CE%BF+%CF%83%CE%B7%CE%BC%CE%B5%CE%AF%CE%BF%C2%BB+%26%238211%3B+%CE%A4%CE%B9+%CF%85%CF%80%CE%BF%CF%83%CF%84%CE%AE%CF%81%CE%B9%CE%BE%CE%B1%CE%BD+%CE%BF%CE%B9+%CE%B4%CF%8D%CE%BF+%CE%BA%CE%B1%CF%84%CE%B7%CE%B3%CE%BF%CF%81%CE%BF%CF%8D%CE%BC%CE%B5%CE%BD%CE%BF%CE%B9+%CE%B3%CE%B9%CE%B1+%CF%84%CE%B7%CE%BD+%CF%84%CF%81%CE%B1%CE%B3%CF%89%CE%B4%CE%AF%CE%B1+%CF%84%CE%B7%CF%82+Marfin,,2026-07-23T13:55:30Z
naftemporiki,Marfin,"Marfin: Ταυτοποιήθηκαν τα σακίδια, όχι τα βιομετρικά χαρακτηριστικά των κατηγορουμένων",https://www.naftemporiki.gr/society/2138687/marfin-taytopoiithikan-ta-sakidia-ochi-ta-viometrika-charaktiristika-ton-katigoroymenon/,,2026-07-23T13:55:30Z
naftemporiki,Marfin,Εμπρησμός στη Marfin: Τον αποστολέα του mail ζητεί η ανακρίτρια – Παράσταση από την οικογένεια της Αγγελικής Παπαθανασοπούλου,https://www.naftemporiki.gr/society/2138129/emprismos-sti-marfin-ton-apostolea-toy-mail-zitei-i-anakritria-parastasi-apo-tin-oikogeneia-tis-aggelikis-papathanasopoyloy/,,2026-07-23T13:55:30Z
naftemporiki,Marfin,Εμπρησμός στη Marfin: Στις φυλακές Ναυπλίου και Μαλανδρίνου οι δύο 42χρονοι κατηγορούμενοι,https://www.naftemporiki.gr/society/2138080/emprismos-sti-marfin-stis-fylakes-nayplioy-kai-malandrinoy-oi-dyo-42chronoi-katigoroymenoi/,,2026-07-23T13:55:30Z
naftemporiki,Marfin,«Δεν ήμασταν στο σημείο» – Τι υποστήριξαν οι δύο κατηγορούμενοι για την τραγωδία της Marfin,https://www.naftemporiki.gr/society/2137694/den-imastan-sto-simeio-ti-ypostirixan-oi-dyo-katigoroymenoi-gia-tin-tragodia-tis-marfin/,,2026-07-23T13:55:30Z
naftemporiki,Marfin,Εμπρησμός στη Marfin: Προφυλακίστηκαν οι δύο κατηγορούμενοι,https://www.naftemporiki.gr/society/2137660/emprismos-sti-marfin-profylakistikan-oi-dyo-katigoroymenoi/,,2026-07-23T13:55:30Z
naftemporiki,Marfin,Μ. Χρυσοχοΐδης για Marfin: Το υλικό υπήρχε αλλά δεν είχε αξιοποιηθεί όπως έπρεπε,https://www.naftemporiki.gr/society/2137426/m-chrysochoidis-gia-marfin-to-yliko-ypirche-alla-den-eiche-axiopoiithei-opos-eprepe/,,2026-07-23T13:55:30Z
naftemporiki,Marfin,Εμπρησμός στη Marfin: Στην Ευελπίδων οι 2 συλληφθέντες – Στη βρετανική Δικαιοσύνη η 46χρονη,https://www.naftemporiki.gr/society/2137317/marfin-apologoyntai-oi-treis-katigoroymenoi-sto-mikroskopio-dyo-akomi-atoma/,,2026-07-23T13:55:30Z
naftemporiki,Marfin,Εμπρησμός Marfin: Τι υποστηρίζουν οι συνήγοροι των κατηγορουμένων – «Να εντοπιστεί και να καταθέσει ο αποστολέας του email»,https://www.naftemporiki.gr/society/2137184/emprismos-marfin-ti-ypostirizoyn-oi-synigoroi-ton-katigoroymenon-na-entopistei-kai-na-katathesei-o-apostoleas-toy-email/,,2026-07-23T13:55:30Z
naftemporiki,Marfin,Εμπρησμός στη Marfin: Ενώπιον βρετανικού δικαστηρίου για το αίτημα έκδοσης την Τρίτη η 46χρονη,https://www.naftemporiki.gr/society/2137138/emprismos-sti-marfin-paroysiazetai-tin-triti-enopion-vretanikoy-dikastirioy-gia-to-aitima-ekdosis-i-46chroni/,,2026-07-23T13:55:30Z
naftemporiki,Marfin,Εμπρησμός στη Marfin: Έρευνες στα σπίτια δύο υπόπτων – Η διαδικασία για την έκδοση της 46χρονης στην Ελλάδα,https://www.naftemporiki.gr/society/2136951/marfin-ereynes-sta-spitia-dyo-ypopton-i-diadikasia-gia-tin-ekdosi-tis-46chronis-stin-ellada/,,2026-07-23T13:55:30Z
naftemporiki,Marfin,Marfin: Συνελήφθη στη Βρετανία η 46χρονη που κατηγορείται για τον εμπρησμό,https://www.naftemporiki.gr/society/2136755/marfin-synelifthi-sti-vretania-i-46chroni-poy-katigoreitai-gia-ton-emprismo/,,2026-07-23T13:55:30Z
naftemporiki,Marfin,"Marfin: Ακόμη δύο πρόσωπα στο μικροσκόπιο των Αρχών – Oι ρόλοι τους, τα στοιχεία και η Τεχνητή Νοημοσύνη",https://www.naftemporiki.gr/society/2136663/marfin-akomi-dyo-prosopa-sto-mikroskopio-ton-archon-oi-roloi-toys-ta-stoicheia-kai-i-techniti-noimosyni/,,2026-07-23T13:55:30Z
naftemporiki,Marfin,ΣΥΡΙΖΑ: Ο κ. Μητσοτάκης χρησιμοποιεί τη Marfin ως εργαλείο πολιτικής πόλωσης,https://www.naftemporiki.gr/politics/2136523/syriza-o-k-mitsotakis-chrisimopoiei-ti-marfin-os-ergaleio-politikis-polosis/,,2026-07-23T13:55:30Z
naftemporiki,Marfin,Marfin: Γόνος εύπορης οικογένειας το νούμερο «8» των κατηγορούμενων – Το χαρακτηριστικό σακίδιο,https://www.naftemporiki.gr/society/2136414/marfin-gonos-eyporis-oikogeneias-to-noymero-8-ton-draston-to-sakidio-poy-ton-prodose/,,2026-07-23T13:55:30Z
naftemporiki,Marfin,Marfin: Πώς η ΕΛΑΣ έφτασε στα ίχνη των 42χρονων και της 46χρονης – Τα κομμάτια του παζλ και οι ρόλοι των δραστών,https://www.naftemporiki.gr/society/2136315/marfin-pos-i-elas-eftase-sta-ichni-ton-42chronon-kai-tis-46chronis-ta-kommatia-toy-pazl-kai-oi-roloi-ton-draston/,,2026-07-23T13:55:30Z
naftemporiki,Marfin,"Marfin: Η έρευνα που «αναστήθηκε», η αξιοποίηση της ΑΙ και οι συλλήψεις – Επιστρέφει από τη Βρετανία και η 46χρονη",https://www.naftemporiki.gr/society/2136286/marfin-i-ereyna-poy-anastithike-i-axiopoiisi-tis-ai-kai-oi-syllipseis-epistrefei-apo-ti-vretania-kai-i-46chroni/,,2026-07-23T13:55:30Z
naftemporiki,Marfin,Marfin: Οι κατηγορίες που αντιμετωπίζουν οι δύο συλληφθέντες – Έλαβαν προθεσμία,https://www.naftemporiki.gr/society/2136124/marfin-oi-katigories-poy-antimetopizoyn-oi-dyo-syllifthentes-elavan-prothesmia/,,2026-07-23T13:55:30Z
naftemporiki,Marfin,Marfin: Ενώπιον εισαγγελέα οι δύο συλληφθέντες για τον εμπρησμό,https://www.naftemporiki.gr/society/2136082/marfin-enopion-eisaggelea-oi-dyo-syllifthentes-gia-ton-emprismo/,,2026-07-23T13:55:30Z
naftemporiki,Marfin,Marfin: Ποια είναι η 46χρονη που αναζητείται – Τα νέα στοιχεία που την έφεραν στο μικροσκόπιο των Αρχών,https://www.naftemporiki.gr/society/2135988/marfin-poia-einai-i-46chroni-poy-anaziteitai-ta-nea-stoicheia-poy-tin-eferan-sto-mikroskopio-ton-archon/,,2026-07-23T13:55:30Z
naftemporiki,Marfin,Marfin: 16 χρόνια για να φτάσουμε στις πρώτες συλλήψεις – Το χρονικό της τραγωδίας που συγκλόνισε την Ελλάδα,https://www.naftemporiki.gr/society/2135959/marfin-16-chronia-gia-na-ftasoyme-stis-protes-syllipseis-to-chroniko-tis-tragodias-poy-sygklonise-tin-ellada/,,2026-07-23T13:55:30Z
naftemporiki,Marfin,Marfin: Πώς το ελληνικό FBI έφτασε στις συλλήψεις – Το ανώνυμο email που άνοιξε ξανά την έρευνα για την υπόθεση,https://www.naftemporiki.gr/society/2135954/marfin-pos-to-elliniko-fbi-eftase-stis-syllipseis-to-anonymo-email-poy-anoixe-xana-tin-ereyna-gia-tin-ypothesi/,,2026-07-23T13:55:30Z
naftemporiki,Marfin,Μ. Χρυσοχοΐδης για εμπρησμούς σε Marfin και Θεσσαλονίκη: Η Δημοκρατία είναι πολύ ισχυρή και πάντα νικά,https://www.naftemporiki.gr/politics/2135949/m-chrysochoidis-gia-emprismoys-se-marfin-kai-thessaloniki-i-dimokratia-einai-poly-ischyri-kai-panta-nika/,,2026-07-23T13:55:30Z
naftemporiki,Marfin,Δύο συλλήψεις για τον εμπρησμό στη Marfin το 2010,https://www.naftemporiki.gr/society/2135886/dyo-syllipseis-gia-ton-emprismo-sti-marfin-to-2010/,,2026-07-23T13:55:30Z
naftemporiki,Marfin,Ν. Ανδρουλάκης για τραγωδία Marfin: Η πλήρης αλήθεια και η απόδοση δικαιοσύνης είναι το ελάχιστο που οφείλουμε στη μνήμη τους,https://www.naftemporiki.gr/politics/2106492/n-androylakis-gia-tragodia-marfin-i-pliris-alitheia-kai-i-apodosi-dikaiosynis-einai-to-elachisto-poy-ofeiloyme-sti-mnimi-toys/,,2026-07-23T13:55:30Z
naftemporiki,Marfin,Κ. Μητσοτάκης για τραγωδία Marfin: Να αντισταθούμε σε όσους επιχειρούν να ναρκοθετήσουν και πάλι την ομαλότητα,https://www.naftemporiki.gr/politics/2106339/k-mitsotakis-gia-tragodia-marfin-na-antistathoyme-se-osoys-epicheiroyn-na-narkothetisoyn-kai-pali-tin-omalotita/,,2026-07-23T13:55:30Z
naftemporiki,Marfin,16 χρόνια από την τραγωδία της Marfin – Ν. Δένδιας: Δεν ξεχνάμε τις 4 ζωές που χάθηκαν άδικα,https://www.naftemporiki.gr/politics/2106322/16-chronia-apo-tin-tragodia-tis-marfin-n-dendias-den-xechname-tis-4-zoes-poy-chathikan-adika/,,2026-07-23T13:55:30Z
naftemporiki,Marfin,ΠΑΣΟΚ για τραγωδία Marfin: Ευθύνη του πολιτικού συστήματος να μην ξαναδώσει έδαφος σε ακραία διχαστικές λογικές,https://www.naftemporiki.gr/politics/1952370/pasok-gia-tragodia-marfin-eythyni-toy-politikoy-systimatos-na-min-xanadosei-edafos-se-akraia-dichastikes-logikes/,,2026-07-23T13:55:30Z
naftemporiki,Marfin,Δεκαπέντε χρόνια από την τραγωδία της Marfin: Η περιγραφή της γυναίκας στο μπαλκόνι- «Ζούσαμε τον απόλυτο τρόμο για 40 λεπτά»,https://www.naftemporiki.gr/society/1952312/dekapente-chronia-apo-tin-tragodia-tis-marfin-i-perigrafi-tis-gynaikas-sto-mpalkoni-zoysame-ton-apolyto-tromo-gia-40-lepta/,,2026-07-23T13:55:30Z
naftemporiki,Marfin,Δεκαπέντε χρόνια από την τραγωδία της Marfin – Κ. Μητσοτάκης: Η δολοφονία αθώων συμπολιτών μας πληγώνει τη συλλογική συνείδηση,https://www.naftemporiki.gr/politics/1952260/dekapente-chronia-apo-tin-tragodia-tis-marfin-k-mitsotakis-i-dolofonia-athoon-sympoliton-mas-pligonei-ti-syllogiki-syneidisi/,,2026-07-23T13:55:30Z
naftemporiki,Marfin,Κ. Μητσοτάκης για Marfin: Χρέος τιμής για την Πολιτεία η τιμωρία των ενόχων,https://www.naftemporiki.gr/politics/1467840/k-mitsotakis-gia-marfin-chreos-timis-gia-tin-politeia-i-timoria-ton-enochon/,,2026-07-23T13:55:30Z
naftemporiki,Μαρφίν,Μ. Χρυσοχοΐδης: Οι ένοχοι της Μαρφίν θα αποκαλυφθούν,https://www.naftemporiki.gr/?s=%CE%9C.+%CE%A7%CF%81%CF%85%CF%83%CE%BF%CF%87%CE%BF%CE%90%CE%B4%CE%B7%CF%82%3A+%CE%9F%CE%B9+%CE%AD%CE%BD%CE%BF%CF%87%CE%BF%CE%B9+%CF%84%CE%B7%CF%82+%CE%9C%CE%B1%CF%81%CF%86%CE%AF%CE%BD+%CE%B8%CE%B1+%CE%B1%CF%80%CE%BF%CE%BA%CE%B1%CE%BB%CF%85%CF%86%CE%B8%CE%BF%CF%8D%CE%BD,,2026-07-23T13:55:30Z
naftemporiki,Μαρφίν,Μ. Χρυσοχοΐδης: Οι ένοχοι της Μαρφίν θα αποκαλυφθούν,https://www.naftemporiki.gr/society/287152/m-chrysochoidis-oi-enochoi-tis-marfin-tha-apokalyfthoun/,,2026-07-23T13:55:30Z
naftemporiki,υπόθεση Marfin,Νέα στοιχεία για την υπόθεση Marfin –  Ανοίγει και πάλι ο φάκελος,https://www.naftemporiki.gr/?s=%CE%9D%CE%AD%CE%B1+%CF%83%CF%84%CE%BF%CE%B9%CF%87%CE%B5%CE%AF%CE%B1+%CE%B3%CE%B9%CE%B1+%CF%84%CE%B7%CE%BD+%CF%85%CF%80%CF%8C%CE%B8%CE%B5%CF%83%CE%B7+Marfin+%26%238211%3B++%CE%91%CE%BD%CE%BF%CE%AF%CE%B3%CE%B5%CE%B9+%CE%BA%CE%B1%CE%B9+%CF%80%CE%AC%CE%BB%CE%B9+%CE%BF+%CF%86%CE%AC%CE%BA%CE%B5%CE%BB%CE%BF%CF%82,,2026-07-23T13:55:30Z
naftemporiki,υπόθεση Marfin,Νέα στοιχεία για την υπόθεση Marfin –  Ανοίγει και πάλι ο φάκελος,https://www.naftemporiki.gr/society/268286/nea-stoicheia-gia-tin-ypothesi-marfin-anoigei-kai-pali-o-fakelos/,,2026-07-23T13:55:30Z
newsit,Marfin,Χρυσοχοΐδης για Marfin: «Δεμένη η υπόθεση» - Θέμα χρόνου η έκδοση της 46χρονης στην Ελλάδα,https://www.newsit.gr/ellada/marfin-demeni-i-ypothesi-tis-marfin-leei-o-xrysoxoidis-thema-xronou-i-ekdosi-tis-46xronis-stin-ellada/4731259/,,2026-07-23T13:55:30Z
newsit,Marfin,39,https://www.newsit.gr/ellada/marfin-demeni-i-ypothesi-tis-marfin-leei-o-xrysoxoidis-thema-xronou-i-ekdosi-tis-46xronis-stin-ellada/4731259/,,2026-07-23T13:55:30Z
newsit,Marfin,Marfin: Bίντεο ντοκουμέντο από την στιγμή της εμπρηστικής επίθεσης – Οι φωτογραφίες των διακοπών που οδήγησαν σε συλλήψεις,https://www.newsit.gr/ellada/marfin-binteo-ntokoumento-apo-tin-stigmi-tis-empristikis-epithesis-oi-fotografies-ton-diakopon-pou-odigisan-se-syllipseis/4730222/,,2026-07-23T13:55:30Z
newsit,Marfin,52,https://www.newsit.gr/ellada/marfin-binteo-ntokoumento-apo-tin-stigmi-tis-empristikis-epithesis-oi-fotografies-ton-diakopon-pou-odigisan-se-syllipseis/4730222/,,2026-07-23T13:55:30Z
newsit,Marfin,Marfin: Το «πόρισμα» της ΔΕΕ για τους τρεις συλληφθέντες  – Οι 117 σελίδες που οδήγησαν στην ταυτοποίηση τους,https://www.newsit.gr/ellada/marfin-to-porisma-tis-dee-gia-tous-treis-syllifthentes-oi-117-selides-pou-odigisan-stin-taytopoiisi-tous/4729660/,,2026-07-23T13:55:30Z
newsit,Marfin,5,https://www.newsit.gr/ellada/marfin-to-porisma-tis-dee-gia-tous-treis-syllifthentes-oi-117-selides-pou-odigisan-stin-taytopoiisi-tous/4729660/,,2026-07-23T13:55:30Z
newsit,Marfin,Marfin: Νέα φωτογραφικά ντοκουμέντα με τους δυο 42χρονους – Οι μαρτυρίες και το σκεπτικό της προφυλάκισης,https://www.newsit.gr/ellada/marfin-nea-fotografika-ntokoumenta-me-tous-dyo-42xronous-oi-martyries-kai-to-skeptiko-tis-profylakisis/4729481/,,2026-07-23T13:55:30Z
newsit,Marfin,22,https://www.newsit.gr/ellada/marfin-nea-fotografika-ntokoumenta-me-tous-dyo-42xronous-oi-martyries-kai-to-skeptiko-tis-profylakisis/4729481/,,2026-07-23T13:55:30Z
newsit,Marfin,"Marfin: «Ήταν κάτι που δεν είχα ξαναδεί σε πορεία, για αυτό τράβηξα τις φωτογραφίες» λέει ο δημοσιογράφος που «έπιασε» τους «5»",https://www.newsit.gr/ellada/marfin-itan-kati-pou-den-eixa-ksanadei-se-poreia-gia-ayto-traviksa-tis-fotografies-leei-o-dimosiografos-pou-epiase-tous-5/4729373/,,2026-07-23T13:55:30Z
newsit,Marfin,11,https://www.newsit.gr/ellada/marfin-itan-kati-pou-den-eixa-ksanadei-se-poreia-gia-ayto-traviksa-tis-fotografies-leei-o-dimosiografos-pou-epiase-tous-5/4729373/,,2026-07-23T13:55:30Z
newsit,Marfin,Marfin: Στο «μικροσκόπιο» ο αποστολέας του email – Παράσταση προς υποστήριξη της κατηγορίας από την οικογένεια της νεκρής Αγγελικής Παπαθανασοπούλου,https://www.newsit.gr/ellada/marfin-sto-mikroskopio-o-apostoleas-tou-email-parastasi-pros-ypostiriksi-tis-katigorias-apo-tin-oikogeneia-tis-nekris-aggelikis-papathanasopoulou/4729175/,,2026-07-23T13:55:30Z
newsit,Marfin,35,https://www.newsit.gr/ellada/marfin-sto-mikroskopio-o-apostoleas-tou-email-parastasi-pros-ypostiriksi-tis-katigorias-apo-tin-oikogeneia-tis-nekris-aggelikis-papathanasopoulou/4729175/,,2026-07-23T13:55:30Z
newsit,Marfin,"Marfin: Η μαρτυρία του δημοσιογράφου που «έπιασε» με τον φακό του τους «5» – «Είδαμε μία ομάδα ανθρώπων να ξεχωρίζει, ενστικτωδώς έβγαλα τη μηχανή»",https://www.newsit.gr/ellada/marfin-i-martyria-tou-dimosiografou-pou-epiase-me-ton-fako-tou-tous-5-eidame-mia-omada-anthropon-na-ksexorizei-enstiktodos-evgala-ti-mixani/4728863/,,2026-07-23T13:55:30Z
newsit,Marfin,65,https://www.newsit.gr/ellada/marfin-i-martyria-tou-dimosiografou-pou-epiase-me-ton-fako-tou-tous-5-eidame-mia-omada-anthropon-na-ksexorizei-enstiktodos-evgala-ti-mixani/4728863/,,2026-07-23T13:55:30Z
newsit,Marfin,Marfin: Προφυλακιστέοι οι δύο συλληφθέντες – Επιμένουν ότι δεν συμμετείχαν στη φονική επίθεση,https://www.newsit.gr/ellada/marfin-profylakisteoi-oi-dyo-syllifthentes-epimenoun-oti-den-symmeteixan-sti-foniki-epithesi/4728553/,,2026-07-23T13:55:30Z
newsit,Marfin,309,https://www.newsit.gr/ellada/marfin-profylakisteoi-oi-dyo-syllifthentes-epimenoun-oti-den-symmeteixan-sti-foniki-epithesi/4728553/,,2026-07-23T13:55:30Z
newsit,Marfin,Marfin: Δέχθηκε να εκδοθεί στην Ελλάδα η 46χρονη και  επιστρέφει μέσα στις επόμενες 10 ημέρες,https://www.newsit.gr/ellada/marfin-dexthike-na-ekdothei-stin-ellada-i-46xroni-kai-epistrefei-mesa-stis-epomenes-10-imeres/4728494/,,2026-07-23T13:55:30Z
newsit,Marfin,28,https://www.newsit.gr/ellada/marfin-dexthike-na-ekdothei-stin-ellada-i-46xroni-kai-epistrefei-mesa-stis-epomenes-10-imeres/4728494/,,2026-07-23T13:55:30Z
newsit,Marfin,Παύλος Μαρινάκης για Marfin: Η απάντηση στην τρομοκρατία είναι η απόδοση της Δικαιοσύνης και όχι ο τοξικός λόγος,https://www.newsit.gr/politikh/paylos-marinakis-gia-marfin-i-apantisi-stin-tromokratia-einai-i-apodosi-tis-dikaiosynis-kai-oxi-o-toksikos-logos/4728347/,,2026-07-23T13:55:30Z
newsit,Marfin,Αρνούνται τις κατηγορίες και αμφισβητούν το ανώνυμο ηλεκτρονικό email οι δύο 42χρονοι συλληφθέντες για την εμπρηστική επίθεση στη Marfin,https://www.newsit.gr/ellada/marfin-arnountai-tis-katigories-kai-amfisvitoun-to-anonymo-ilektroniko-email-oi-dyo-42xronoi-syllifthentes-gia-tin-empristiki-epithesi/4728387/,,2026-07-23T13:55:30Z
newsit,Marfin,8,https://www.newsit.gr/ellada/marfin-arnountai-tis-katigories-kai-amfisvitoun-to-anonymo-ilektroniko-email-oi-dyo-42xronoi-syllifthentes-gia-tin-empristiki-epithesi/4728387/,,2026-07-23T13:55:30Z
newsit,Marfin,Στην Ευελπίδων για να απολογηθούν οι δύο 42χρονοι συλληφθέντες για την εμπρηστική επίθεση στη Marfin,https://www.newsit.gr/ellada/marfin-stin-eyelpidon-gia-na-apologithoun-oi-dyo-42xronoi-syllifthentes-gia-tin-empristiki-epithesi/4728108/,,2026-07-23T13:55:30Z
newsit,Marfin,19,https://www.newsit.gr/ellada/marfin-stin-eyelpidon-gia-na-apologithoun-oi-dyo-42xronoi-syllifthentes-gia-tin-empristiki-epithesi/4728108/,,2026-07-23T13:55:30Z
newsit,Marfin,Παλαιότερα άρθρα,https://www.newsit.gr/page/2/?s=Marfin,,2026-07-23T13:55:30Z
newsit,Marfin,Σελίδα 2,https://www.newsit.gr/page/2/?s=Marfin,,2026-07-23T13:55:30Z
newsit,Marfin,Σελίδα 32,https://www.newsit.gr/page/32/?s=Marfin,,2026-07-23T13:55:30Z
newsit,Marfin,Επόμενο →,https://www.newsit.gr/page/2/?s=Marfin,,2026-07-23T13:55:30Z
newsit,Μαρφίν,Έσπασαν με ρόπαλα για πολλοστή φορά το μνημείο των θυμάτων της Μαρφίν - Το αποκαθιστά άμεσα ο δήμος Αθηναίων,https://www.newsit.gr/ellada/epeisodia-sto-kentro-tis-athinas-espasan-pali-to-mnimeio-ton-thymaton-tis-marfin-sti-stadiou/3723505/,,2026-07-23T13:55:30Z
tovima,Marfin,"17.07.2026, 14:30 Τα νέα στοιχεία του ελληνικού FBI: Η πρώτη μολότοφ, τα δύο βίντεο και το «κλειδί» Το οπτικό υλικό από την επίθεση στη Marfin και η ψηφιακή ανάλυση αποτέλεσαν τη βάση για την ταυτοποίηση των κατηγορουμένων - Βίντεο, φωτογραφίες, σακίδια, παπούτσια και αναρτήσεις στα social media. Γιάννης Ρήγος",https://www.tovima.gr/2026/07/17/society/marfin-i-proti-molotof-ta-dyo-vinteo-kai-to-stoixeio-kleidi/,,2026-07-23T13:55:30Z
tovima,Marfin,"17.07.2026, 09:25 Νέα ντοκουμέντα: Η έκθεση-φωτιά και τα σακίδια που «μίλησαν» - Ο ρόλος των γυαλιών Τι αποκαλύπτει η ανάλυση των 120 σελίδων της Εγκληματολογικής - Τα αντικείμενα που ξεκλείδωσαν την έρευνα - Πώς οι Αρχές συνέδεσαν τους υπόπτους Newsroom",https://www.tovima.gr/2026/07/17/society/marfin-i-ekthesi-fotia-kai-ta-sakidia-pou-milisan-nea-ntokoumenta/,,2026-07-23T13:55:30Z
tovima,Marfin,"16.07.2026, 21:06 Βίντεο ντοκουμέντο από τη στιγμή της φονικής εμπρηστικής επίθεσης στη Marfin Καρέ-καρέ η επίθεση στη Marfin όπως καταγράφηκε από κάμερα ασφαλείας στο εσωτερικό της τράπεζας το μεσημέρι της 5ης Μαΐου 2010 - Τα φωτογραφικά ντοκουμέντα που «ξεκλείδωσαν» την έρευνα της ΕΛ.ΑΣ. Newsroom",https://www.tovima.gr/2026/07/16/society/marfin-vinteo-ntokoumento-apo-ti-stigmi-tis-fonikis-empristikis-epithesis/,,2026-07-23T13:55:30Z
tovima,Marfin,"15.07.2026, 12:18 «Δεν υπάρχει ταυτοποίηση προσώπων, ανώνυμο το e-mail» - Τι υποστηρίζει η υπεράσπιση Παρέμβαση του δικηγόρου των κατηγορουμένων, Θανάσης Καμπαγιάννης στο Mega για τις νέες διώξεις - Γιατί η υπεράσπιση κάνει λόγο για «μη καταληκτικά στοιχεία» και ζητά να μην επαναληφθεί το φιάσκο του 2016 Newsroom",https://www.tovima.gr/2026/07/15/society/marfin-kena-stis-taytopoiiseis-prosopon-anonymo-to-e-mail/,,2026-07-23T13:55:30Z
tovima,Marfin,"15.07.2026, 05:00 5 το πρωί: Ναυτικός αποκλεισμός στο Ιράν – Προφυλακίσεις για τη Marfin – Μαζική έξοδος από τον ΣΥΡΙΖΑ Τρεις ανεξαρτητοποιήσεις σε μία ημέρα είχαμε στον ΣΥΡΙΖΑ καθώς ο κύκλος της εσωστρέφειας δεν λέει να κλείσει. Το 2023 ο ΣΥΡΙΖΑ εξέλεξε 47 βουλευτές και πλέον διαθέτει 20... Κατερίνα Μανιαδάκη",https://www.tovima.gr/2026/07/15/5-to-proi/5-to-proi-naytikos-apokleismos-sto-iran-profylakiseis-gia-ti-marfin-maziki-eksodos-apo-ton-syriza/,,2026-07-23T13:55:30Z
tovima,Marfin,"14.07.2026, 18:51 Προφυλακίστηκαν οι δύο 42χρονοι για την υπόθεση της Marfin Προσωρινά κρατούμενοι κρίθηκαν οι δύο 42χρονοι κατηγορούμενοι για τον εμπρησμό της Marfin το 2010 μετά τις μαραθώνιες απολογίες τους. Συμφώνησε να εκδοθεί στην Ελλάδα η 46χρονη που κρατείται στη Μεγάλη Βρετανία. Ιωάννα Μάνδρου",https://www.tovima.gr/2026/07/14/society/profylakistikan-oi-dyo-42xronoi-gia-tin-ypothesi-tis-marfin/,,2026-07-23T13:55:30Z
tovima,Marfin,"14.07.2026, 17:51 Marfin: Εκδίδεται στην Ελλάδα η 46χρονη - Αρνήθηκε να ασκήσει ένδικα μέσα στη Βρετανία Η 46χρονη έχει τονίσει ότι δεν έχει καμία εμπλοκή με τον εμπρησμό στην Marfin και αναμένεται να εκδοθεί στην Ελλάδα μέσα στις επόμενες 10 ημέρες.",https://www.tovima.gr/2026/07/14/society/marfin-ekdidetai-stin-ellada-i-46xroni-arnithike-na-askisei-endika-mesa-sti-vretania/,,2026-07-23T13:55:30Z
tovima,Marfin,"14.07.2026, 11:41 3 + 2 οι εμπλεκόμενοι στη Marfin  - Ποιοι επιπλέον ταυτοποιούνται, ο ρόλος τους Δύο ακόμη άνδρες στο στόχαστρο των Αρχών συμπληρώνουν το παζλ των 5 βασικών υπόπτων.  Ποιον καθοριστικό ρόλο είχαν Newsroom",https://www.tovima.gr/2026/07/14/society/marfin-stin-anakritria-oi-2-katigoroumenoi-poioi-alloi-dyo-taytopoiountai/,,2026-07-23T13:55:30Z
tovima,Marfin,"14.07.2026, 08:02 Τι λένε οι συνήγοροι των κατηγορουμένων της Marfin: Το email και το «φιάσκο» του 2011 «Δεν υπάρχει ταυτοποίηση προσώπων, αλλά κινητών αντικειμένων – Η δικογραφία ξεκίνησε από ένα ανώνυμο email» λένε οι συνήγοροι υπεράσπισης Newsroom",https://www.tovima.gr/2026/07/14/society/ypothesi-marfin-ti-ypostirizoun-oi-dikigoroi-ton-katigoroumenon/,,2026-07-23T13:55:30Z
tovima,Marfin,"14.07.2026, 06:21 Στο κάδρο δύο νέοι ύποπτοι για τη Marfin - Στην ανακρίτρια οι συλληφθέντες Οι κρίσιμες απολογίες των δύο 42χρονων για την υπόθεση της Marfin, το θρίλερ της έκδοσης της 46χρονης από τη Βρετανία και τα δύο πρόσωπα-κλειδιά που αναζητούνται. Newsroom",https://www.tovima.gr/2026/07/14/society/marfin-sto-kadro-dyo-neoi-ypoptoi-stin-anakritria-oi-syllifthentes/,,2026-07-23T13:55:30Z
tovima,Marfin,"13.07.2026, 19:02 Στο Δικαστήριο του Γουέστμινστερ η 46χρονη μετά τη σύλληψή της στο Λονδίνο Η NCA επιβεβαιώνει τη σύλληψη της 46χρονης στο Λονδίνο για την υπόθεση της Marfin - Αύριο απολογούνται οι δύο 42χρονοι Newsroom",https://www.tovima.gr/2026/07/13/society/marfin-sto-dikastirio-tou-gouestminster-i-46xroni-meta-ti-syllipsi-tis-sto-londino/,,2026-07-23T13:55:30Z
tovima,Marfin,"13.07.2026, 08:44 Συνελήφθη από τις βρετανικές Αρχές η 46χρονη για την υπόθεση της Marfin Για την τραγωδία της Marfin συνελήφθη από τις βρετανικές Αρχές η 46χρονη που φέρεται να εμπλέκεται με την υπόθεση. Newsroom",https://www.tovima.gr/2026/07/13/society/marfin-synelifthi-apo-tis-vretanikes-arxes-i-46xroni/,,2026-07-23T13:55:30Z
tovima,Marfin,"13.07.2026, 05:00 5 το πρωί: Λύνεται ο γρίφος της Marfin – Φλέγεται η Μέση Ανατολή – Κατέληξε ο 20χρονος στο Άργος Δεκαέξι χρόνια μετά τη φονική επίθεση στη Marfin, νέα στοιχεία έφεραν τις πρώτες συλλήψεις, με τις αρχές να αναζητούν και άλλα πρόσωπα που φέρονται να συνδέονται με την υπόθεση Κατερίνα Μανιαδάκη",https://www.tovima.gr/2026/07/13/5-to-proi/5-to-proi-lynetai-o-grifos-tis-marfin-flegetai-i-mesi-anatoli-katelikse-o-20xronos-sto-argos/,,2026-07-23T13:55:30Z
tovima,Marfin,"12.07.2026, 13:03 Η «ξεχασμένη» αποθήκη που ξεκλείδωσε την υπόθεση: Τα αρχεία του 2020 και η ομάδα των 12 Εξι χρόνια μετά την έρευνα για εκρηκτικά στο Κουκάκι, ένα ανώνυμο email και νέα ανάλυση ψηφιακού υλικού φέρεται να οδήγησαν στην ταυτοποίηση δύο 42χρονων και μιας 46χρονης για τη φονική επίθεση στη Marfin - Οι ρόλοι της ομάδας των 12 και το σακίδιο με τα τρία αστέρια. Newsroom",https://www.tovima.gr/2026/07/12/society/marfin-i-ksexasmeni-apothiki-pou-ksekleidose-tin-ypothesi/,,2026-07-23T13:55:30Z
tovima,Marfin,"11.07.2026, 20:51 Φωτογραφίες διακοπών πρόδωσαν τους συλληφθέντες - Νέα πρόσωπα στο στόχαστρο των Αρχών Ραγδαίες είναι οι εξελίξεις στην υπόθεση της Marfin, καθώς ένα μοιραίο λάθος των δραστών σε φωτογραφίες διακοπών «ξεκλείδωσε» την έρευνα της Αντιτρομοκρατικής Newsroom",https://www.tovima.gr/2026/07/11/society/marfin-fotografies-diakopon-prodosan-tous-syllifthentes-treis-neoi-ypoptoi/,,2026-07-23T13:55:30Z
tovima,Marfin,"11.07.2026, 11:40 Η επιστροφή της 46χρονης, η AI και το μυστικό αρχείο που άνοιξε ξανά την υπόθεση της Marfin Πώς ένα ανώνυμο e-mail, παλιό υλικό της Αντιτρομοκρατικής και η ανάλυση εικόνων οδήγησαν στις νέες εξελίξεις για την τραγωδία της Marfin το 2010. Newsroom",https://www.tovima.gr/2026/07/11/society/marfin-i-epistrofi-tis-46xronis-stin-ellada-kai-o-rolos-tis-ai/,,2026-07-23T13:55:30Z
tovima,Marfin,"10.07.2026, 19:58 Βαρύ κατηγορητήριο για τους συλληφθέντες της Marfin - Διεθνές ένταλμα σύλληψης για 46χρονη Οι δύο κατηγορούμενοι οδηγήθηκαν υπό δρακόντεια μέτρα ασφαλείας στην 3η τακτική ανακρίτρια, από την οποία έλαβαν προθεσμία για να απολογηθούν την ερχόμενη Τρίτη Newsroom",https://www.tovima.gr/2026/07/10/society/marfin-dioksi-gia-anthropoktonia-apo-prothesi-kata-syrroi-stous-dyo-42xronous-diethnes-entalma/,,2026-07-23T13:55:30Z
tovima,Marfin,"10.07.2026, 17:59 Στην Ευελπίδων με αλεξίσφαιρα οι δύο συλληφθέντες για Marfin - «Μας άκουγαν να ουρλιάζουμε και τις έριξαν» Το απόγευμα της Παρασκευής οδηγήθηκαν στην Ευελπίδων, υπό δρακόντεια μέτρα ασφαλείας, οι δύο 42χρονοι που συνελήφθησαν για τον φονικό εμπρησμό στην οδό Σταδίου - Τι λέει η δικηγόρος τους Newsroom",https://www.tovima.gr/2026/07/10/society/marfin-stin-eyelpidon-oi-dyo-syllifthentes-gia-to-egklima-tou-2010-ksespa-to-prosopo-symvolo/,,2026-07-23T13:55:30Z
tovima,Marfin,"10.07.2026, 15:03 Το ανώνυμο email που οδήγησε το ελληνικό FBI στους τρεις υπόπτους για την υπόθεση της Marfin Ενα μήνυμα προς το ελληνικό FBI στάθηκε η αφορμή για να ανοίξει ξανά η δικογραφία τη Marfin, με τις Αρχές να επανεξετάζουν το υλικό της έρευνας και να προχωρούν σε εντάλματα και συλλήψεις, έπειτα από 16 χρόνια. Newsroom",https://www.tovima.gr/2026/07/10/society/marfin-to-anonymo-email-pou-odigise-to-elliniko-fbi-stous-treis-ypoptous/,,2026-07-23T13:55:30Z
tovima,Marfin,"10.07.2026, 12:08 Δύο συλλήψεις για την εμπρηστική επίθεση στη Marfin το 2010 με τους τρεις νεκρούς Δεκαέξι χρόνια μετά την τραγωδία της Marfin πραγματοποιήθηκαν 2 συλλήψεις για τον εμπρησμό που στοίχισε τη ζωή σε 3 ανθρώπους – Στη Βρετανία η γυναίκα που καταζητείται - Εξέλιξη σταθμός στις έρευνες της ΔΑΟΕ. Γιάννης Ρήγος",https://www.tovima.gr/2026/07/10/society/marfin-dyo-syllipseis-gia-tin-empristiki-epithesi-tou-2010/,,2026-07-23T13:55:30Z
tovima,Marfin,2,https://www.tovima.gr/search/Marfin/page/2/,,2026-07-23T13:55:30Z
tovima,εμπρησμός Marfin,"05.05.2025, 04:30 Εμπρησμός Marfin: Δεκαπέντε χρόνια από τo ατιμώρητο έγκλημα Μαρτυρίες και καταθέσεις για το ενεξιχνίαστο έγκλημα του φονικού εμπρησμού της Marfin Γιάννης Θ. Διαμαντής",https://www.tovima.gr/2025/05/05/istoriko-arxeio/emprismos-marfin-dekapente-xronia-apo-to-atimorito-egklima/,,2026-07-23T13:55:30Z
zougla,Marfin,Η στιγμή της επίθεσης στη Marfin,https://www.zougla.gr/greece/i-stigmi-tis-epithesis-sti-marfin/,,2026-07-23T13:55:30Z
zougla,Marfin,Υπόθεση Marfin: Νομικά μέτρα από την 46χρονη για διαρροή στοιχείων,https://www.zougla.gr/greece/ypothesi-marfin-nomika-metra-apo-tin-46chroni-gia-diarroi-stoicheion/,,2026-07-23T13:55:30Z
zougla,Marfin,Εμπρησμός Marfin: Στη δημοσιότητα νέες φωτογραφίες των κατηγορουμένων από διακοπές,https://www.zougla.gr/greece/ebrismos-marfin-sti-dimosiotita-nees-fotografies-ton-katigoroumenon-apo-diakopes/,,2026-07-23T13:55:30Z
zougla,Marfin,Marfin: H ανακρίτρια ζητάει να ταυτοποιηθεί ο αποστολέας του ανώνυμου email,https://www.zougla.gr/greece/marfin-h-anakritria-zitaei-na-taftopoiithei-o-apostoleas-tou-anonymou-email/,,2026-07-23T13:55:30Z
zougla,Marfin,Marfin: Στις φυλακές Ναυπλίου και Μαλανδρίνου οι δύο 42χρονοι,https://www.zougla.gr/greece/marfin-stis-fylakes-nafpliou-kai-malandrinou-oi-dyo-42chronoi/,,2026-07-23T13:55:30Z
zougla,Marfin,Καμπαγιάννης για Marfin: To Ανώνυμο email αναφέρει ως δράστη πρόσωπο που το 2010 ήταν στην φυλακή,https://www.zougla.gr/simantikoteres-idisis/kabagiannis-gia-marfin-to-anonymo-email-anaferei-os-drasti-prosopo-pou-to-2010-itan-stin-fylaki/,,2026-07-23T13:55:30Z
zougla,Marfin,Marfin: Αίτημα να αποκαλυφθεί ποιος έστειλε το ανώνυμο email,https://www.zougla.gr/greece/marfin-aitima-na-apokalyfthei-poios-esteile-to-anonymo-email/,,2026-07-23T13:55:30Z
zougla,Marfin,Marfin: Στη φυλακή οι δύο 42χρονοι κατηγορούμενοι μετά την απολογία τους,https://www.zougla.gr/greece/marfin-sti-fylaki-oi-dyo-42chronoi-katigoroumenoi/,,2026-07-23T13:55:30Z
zougla,Marfin,Marfin: Παραδίνεται στις ελληνικές αρχές η 46χρονη που συνελήφθη στο Γκάτγουικ,https://www.zougla.gr/greece/marfin-paradinetai-stis-ellinikes-arches-i-46chroni-pou-synelifthi-sto-gkatgouik/,,2026-07-23T13:55:30Z
zougla,Marfin,Στην ανακρίτρια οι δύο συλληφθέντες για τη Marfin,https://www.zougla.gr/greece/stin-anakritria-oi-dyo-syllifthentes-gia-ti-marfin/,,2026-07-23T13:55:30Z
zougla,Marfin,Χρυσοχοΐδης: «Τώρα μπορέσαμε να συγκροτήσουμε κατηγορία για την τραγωδία στη Marfin»,https://www.zougla.gr/greece/chrysochoidis-tora-boresame-na-sygkrotisoume-katigoria-gia-tin-tragodia-sti-marfin/,,2026-07-23T13:55:30Z
zougla,Marfin,Marfin: Στον ανακριτή ο «Ψηλός» και ο «Εναερίτης»,https://www.zougla.gr/greece/marfin-ston-anakriti-o-psilos-kai-o-enaeritis/,,2026-07-23T13:55:30Z
zougla,Marfin,Υπόθεση Marfin: Τα φωτογραφικά ντοκουμέντα που οδήγησαν στις συλλήψεις,https://www.zougla.gr/greece/ypothesi-marfin-ta-fotografika-ntokoumenta-pou-odigisan-stis-syllipseis/,,2026-07-23T13:55:30Z
zougla,Marfin,Υπόθεση Marfin: Σκληρή απάντηση των δικηγόρων για «αναξιόπιστη δικογραφία και επικοινωνιακά παιχνίδια»,https://www.zougla.gr/greece/ypothesi-marfin-skliri-apantisi-ton-dikigoron-gia-anaxiopisti-dikografia-kai-epikoinoniaka-paichnidia/,,2026-07-23T13:55:30Z
zougla,Marfin,Υπόθεση Marfin: Στο αεροδρόμιο Γκάτγουικ του Λονδίνου συνελήφθη η 46χρονη,https://www.zougla.gr/greece/ypothesi-marfin-sto-aerodromio-gkatgouik-tou-londinou-synelifthi-i-46chroni/,,2026-07-23T13:55:30Z
zougla,Marfin,Συνελήφθη στην Βρετανία η 46χρονη για τον εμπρησμό στη Marfin,https://www.zougla.gr/greece/synelifthi-stin-vretania-i-46chroni-gia-ton-ebrismo-sti-marfin/,,2026-07-23T13:55:30Z
zougla,Marfin,Marfin: Η πραγματογνωμοσύνη 120 σελίδων του «Ελληνικού FBI» και οι «πέντε μασκοφόροι»,https://www.zougla.gr/greece/marfin-i-pragmatognomosyni-120-selidon-tou-ellinikou-fbi-kai-oi-pente-maskoforoi/,,2026-07-23T13:55:30Z
zougla,Marfin,2,https://www.zougla.gr/page/2/?s=Marfin,,2026-07-23T13:55:30Z
zougla,Marfin,3,https://www.zougla.gr/page/3/?s=Marfin,,2026-07-23T13:55:30Z
zougla,Marfin,4,https://www.zougla.gr/page/4/?s=Marfin,,2026-07-23T13:55:30Z
zougla,Marfin,37,https://www.zougla.gr/page/37/?s=Marfin,,2026-07-23T13:55:30Z
zougla,Marfin,»,https://www.zougla.gr/page/2/?s=Marfin,,2026-07-23T13:55:30Z
zougla,Μαρφίν,"Η δολοφονία Γρηγορόπουλου, η τραγωδία Μαρφίν και η δολοφονία Φύσσα",https://www.zougla.gr/apopseis/i-dolofonia-grigoropoulou-i-tragodia-marfin-kai-i-dolofonia-fyssa/,,2026-07-23T13:55:30Z
zougla,Μαρφίν,Μήνυμα Δένδια για τα 13 χρόνια από την τραγωδία στη Μαρφίν,https://www.zougla.gr/politiki/minima-gia-ta-13-xronia-apo-tin-tragodia-sti-marfin/,,2026-07-23T13:55:30Z
zougla,Μαρφίν,Άμεση αποκατάσταση του μνημείου της Μαρφίν από το Δήμο Αθηναίων,https://www.zougla.gr/greece/amesi-apokatastasi-tou-mnimiou-tis-marfin-apo-to-dimo-a8ineon/,,2026-07-23T13:55:30Z
zougla,εμπρησμός Marfin,Εμπρησμός Marfin: «Γιατί με ψάχνετε;» – Έρχεται στην Ελλάδα από το Λονδίνο η 46χρονη,https://www.zougla.gr/greece/ebrismos-marfin-giati-me-psachnete-erchetai-stin-ellada-apo-to-londino-i-46chroni/,,2026-07-23T13:55:30Z
